,signed_flux,signed_flux,signed_flux,signed_flux,mean_energy,mean_energy,coherence,temporal_factor,n_interactions,attractive_fraction
,mean,std,min,max,mean,std,mean,mean,sum,mean
residue_id,,,,,,,,,,
5,-1.2236,2.5629,-4.2521,3.142,-0.1535,0.3655,2.8189,2.485,145,0.9329
6,-4.3699,4.8591,-10.6232,-0.4868,-0.4156,0.441,4.4944,1.9435,25,1.0
7,-0.4471,0.0264,-0.4658,-0.4284,-0.0905,0.0066,4.9402,1.0,2,1.0
8,-2.3367,1.3142,-3.7316,-0.5841,-0.249,0.1178,4.2887,2.0376,48,0.9566
9,-1.5815,1.3337,-3.8864,-0.3191,-0.2246,0.1381,3.2647,1.9833,198,0.9862
10,-0.2328,0.4309,-0.5795,0.4755,-0.0303,0.1112,2.2513,2.2799,115,0.9215
11,-0.5541,0.0746,-0.6198,-0.4478,-0.1131,0.0151,4.6671,1.0519,7,1.0
12,-2.2073,1.9884,-5.9727,-0.1815,-0.2842,0.1792,2.4941,2.943,707,0.9629
13,-0.7692,0.4697,-1.6984,-0.4243,-0.1347,0.0618,4.3142,1.3475,37,0.9912
15,-0.7312,0.2521,-1.0641,-0.5013,-0.1289,0.0209,4.3478,1.304,31,0.9634
16,-3.2245,2.3157,-7.4763,-0.6443,-0.3746,0.234,3.1962,2.8707,185,0.9327
18,-2.5545,2.5881,-5.8028,-0.4603,-0.3123,0.2507,3.519,2.0817,66,0.9944
19,-0.7023,0.185,-0.8543,-0.4963,-0.1364,0.0361,4.3967,1.1793,15,1.0
20,-2.3461,3.0911,-7.1669,0.5302,-0.3092,0.4027,2.7187,2.6056,143,0.9589
21,-7.8108,0.9862,-10.3273,-6.9493,-0.7969,0.1142,3.1252,3.1561,700,0.9921
22,-0.5919,0.1699,-0.7407,-0.4264,-0.1125,0.0272,4.4066,1.2219,25,0.9868
23,-3.8304,1.1834,-5.4447,-1.6331,-0.4229,0.0935,2.557,3.5323,1130,0.951
24,-2.1931,1.8274,-5.8469,-0.1252,-0.2884,0.2637,3.0813,2.5646,230,0.9671
25,-2.9976,0.6193,-4.0043,-2.2687,-0.3436,0.0536,2.9176,3.0,3847,0.9638
26,-0.4453,0.3705,-0.8101,0.4665,-0.1024,0.087,2.9829,1.6705,186,0.9786
27,-0.6398,0.197,-0.8018,-0.1331,-0.1179,0.0302,3.5032,1.6173,171,0.9633
28,-2.9224,2.2929,-6.2031,-0.4585,-0.4071,0.2716,2.7998,2.6523,122,0.9546
30,-5.9754,4.1528,-11.9475,-0.3137,-0.6113,0.4011,3.3085,2.7403,132,0.9877
31,-2.7819,0.9388,-3.9121,-1.4734,-0.4789,0.1013,1.8293,3.1273,2684,0.9412
32,-0.5493,0.0918,-0.6385,-0.4502,-0.1096,0.0188,4.7296,1.0637,11,1.0
33,-1.4789,1.3209,-3.8099,0.0013,-0.2223,0.1667,3.1184,2.209,363,0.9675
34,-0.7451,0.0994,-0.8678,-0.6248,-0.1437,0.0125,3.8012,1.377,37,0.9808
35,-1.9025,1.8773,-4.5429,-0.4643,-0.226,0.1384,4.2062,1.685,77,0.9859
44,-3.4728,2.6574,-6.9357,-0.4359,-0.4654,0.4154,3.4964,2.2013,110,0.981
45,-2.6427,1.8068,-4.7415,-0.3886,-0.3681,0.2003,2.325,3.0167,661,0.9535
46,-0.6871,0.1812,-0.8782,-0.3078,-0.1351,0.0291,3.6338,1.4621,365,0.9765
47,-2.0467,2.3885,-6.2598,-0.2595,-0.264,0.2008,2.9042,2.33,354,0.9799
48,-1.3883,1.0728,-3.1559,-0.5109,-0.1904,0.0918,3.4803,2.1137,215,0.9862
49,-0.7972,0.1007,-0.8737,-0.6269,-0.1536,0.0193,4.2786,1.2194,60,1.0
50,-4.6631,3.0167,-11.1398,-1.313,-0.6986,0.2938,2.0459,3.1796,509,0.9527
51,-0.531,0.2591,-0.7903,-0.1907,-0.1049,0.0371,3.5534,1.515,67,0.9618
54,-1.1231,0.6884,-2.4218,-0.4308,-0.1753,0.0668,3.2292,2.2816,288,0.9805
55,-1.0087,0.6996,-2.5851,-0.5831,-0.1557,0.0587,4.2314,1.4646,43,1.0
56,-0.532,,-0.532,-0.532,-0.1123,,4.7377,1.0,1,1.0
57,-0.6402,0.1899,-0.7744,-0.5059,-0.1377,0.0471,3.0686,2.109,34,0.9062
58,-3.5053,3.5632,-9.0813,-0.4332,-0.4189,0.3844,3.5913,2.3024,104,0.9752
60,-2.5219,1.6803,-4.0739,-0.6664,-0.303,0.1565,4.0802,1.8557,71,0.964
61,-1.6439,1.9315,-4.7489,0.0011,-0.2086,0.1675,3.5721,1.969,92,0.9875
62,-1.2708,1.4098,-4.5447,-0.3199,-0.1877,0.1347,3.5134,1.7844,116,0.982
63,-2.589,2.17,-4.6868,0.0364,-0.3042,0.2528,3.9681,1.913,27,0.9875
64,-2.0935,3.0264,-7.5071,-0.7026,-0.3235,0.3909,3.7885,1.5311,53,0.98
65,-3.7015,2.7124,-6.294,1.2503,-0.4406,0.345,2.4018,3.1626,437,0.9315
66,-0.8337,0.5147,-1.5315,-0.305,-0.1381,0.0471,3.2641,1.8229,59,0.9669
67,-0.7872,0.0237,-0.8112,-0.7638,-0.1618,0.0319,4.0914,1.2093,20,1.0
69,-2.6778,2.0248,-5.5856,-0.6563,-0.335,0.231,3.2968,2.3994,89,0.9856
76,-3.9143,3.0237,-5.8112,-0.4273,-0.4413,0.3196,3.6462,2.4095,32,0.9833
77,-4.3317,3.4196,-8.2348,-0.7348,-0.5619,0.334,3.0666,2.4148,35,0.9562
78,-1.6223,1.4437,-2.6432,-0.6015,-0.2125,0.1152,4.6749,1.4449,17,1.0
79,-2.5373,1.7367,-4.5055,-0.4434,-0.3483,0.2027,2.9548,2.5385,139,0.9682
80,-0.7238,0.6597,-2.3157,0.0131,-0.1418,0.0902,2.7411,2.0976,244,0.9733
81,-1.9935,1.6485,-5.0496,-0.4846,-0.2332,0.1448,3.2153,2.4728,282,0.9639
83,-0.886,0.4048,-1.7014,-0.6271,-0.1489,0.0331,4.2741,1.3687,31,1.0
84,-0.7685,0.0634,-0.8336,-0.707,-0.1383,0.0186,4.3223,1.2908,10,1.0
85,-0.9422,0.62,-2.1442,-0.3288,-0.1604,0.066,3.1041,2.1176,127,0.9658
86,-2.7718,2.0651,-4.9857,-0.568,-0.3716,0.2626,3.3499,2.3505,85,0.9731
87,-3.2738,3.1622,-7.6177,-0.4554,-0.4146,0.3079,3.1524,2.3033,262,0.9514
88,-4.7673,2.5343,-7.3572,-1.9184,-0.6145,0.2033,2.4249,3.1862,217,0.9142
90,-2.3963,1.222,-4.019,-0.6934,-0.2967,0.116,2.9738,2.7716,446,0.9711
91,-2.2778,1.5912,-4.3383,-0.4463,-0.3712,0.2561,2.7759,2.4511,262,0.9558
92,-1.2091,0.9117,-3.4524,-0.7203,-0.1708,0.0542,3.8672,1.7684,127,0.9893
93,-0.543,0.0787,-0.5986,-0.4873,-0.1066,0.0084,4.6995,1.0835,3,1.0
94,-0.9038,0.7656,-2.1759,-0.1143,-0.151,0.0941,3.1375,1.9304,53,0.9583
95,-2.6088,1.671,-5.7389,-0.5379,-0.315,0.1529,3.0778,2.7767,185,0.9572
96,-0.2289,1.2652,-1.2108,2.5173,-0.0353,0.2479,2.9004,2.2285,159,0.9616
97,-3.1879,2.0262,-5.6388,-0.4325,-0.4406,0.2609,3.0035,2.4973,178,0.9779
98,-1.2055,1.25,-3.9945,-0.469,-0.1833,0.1201,3.8912,1.673,52,0.989
99,-1.6769,1.5566,-4.8644,-0.2327,-0.2089,0.1356,2.6303,2.9048,596,0.9775
100,-1.9714,2.5568,-7.4477,-0.4782,-0.2503,0.248,4.1703,1.6051,70,0.9948
101,-4.4134,2.228,-7.0374,-0.6863,-0.4916,0.1657,2.6018,3.4288,499,0.9742
102,-0.7217,0.146,-0.9013,-0.4953,-0.1341,0.018,3.8919,1.4525,53,0.9821
103,-0.7555,,-0.7555,-0.7555,-0.1335,,4.4869,1.2609,2,1.0
104,-0.7374,0.0975,-0.8688,-0.6474,-0.1591,0.0364,4.2846,1.0995,14,1.0
105,-0.7218,0.0231,-0.7483,-0.7063,-0.1303,0.0059,4.1526,1.3367,47,1.0
106,-0.683,,-0.683,-0.683,-0.154,,4.4353,1.0,1,1.0
107,-0.801,0.0978,-0.887,-0.6953,-0.1762,0.0288,4.2202,1.0928,6,1.0
109,-2.6648,1.4737,-4.1036,-0.6081,-0.2875,0.1173,3.26,2.8247,83,0.964
110,-1.1263,0.9247,-2.5014,-0.4989,-0.1892,0.0864,3.1162,1.8868,71,0.9755
111,-2.7061,2.1816,-6.0368,1.195,-0.3317,0.2969,2.4004,3.3876,245,0.9482
112,-4.5587,3.2252,-8.0911,-0.5761,-0.5892,0.3838,2.9827,2.6932,325,0.9521
113,-0.5139,0.1127,-0.5936,-0.4343,-0.1002,0.0182,3.884,1.4391,11,0.95
114,-2.2529,2.3481,-5.529,-0.432,-0.2682,0.1973,3.7324,2.122,62,0.9744
115,-0.6625,0.1226,-0.8098,-0.5168,-0.124,0.0209,4.389,1.2176,32,1.0
118,-0.6866,0.1294,-0.8164,-0.515,-0.1375,0.0306,4.3809,1.1572,17,1.0
121,-0.6556,0.229,-0.8849,-0.4269,-0.1281,0.037,4.6056,1.1119,4,1.0
122,-0.6792,0.0892,-0.8164,-0.5667,-0.1382,0.0105,3.8366,1.3303,87,0.9798
123,-0.6748,0.1838,-0.8565,-0.489,-0.1309,0.0331,4.3108,1.2019,15,1.0
124,-0.8817,0.7414,-2.3008,-0.1025,-0.1562,0.0496,3.5331,1.4421,60,1.0
125,-2.6768,1.7749,-6.0935,-0.6934,-0.3773,0.1784,2.5487,2.7722,225,0.9526
127,-0.5607,0.3268,-1.1222,0.049,-0.1221,0.0597,3.0663,1.9378,167,0.9706
128,-1.3314,2.0778,-6.8594,-0.4378,-0.1954,0.1934,4.2225,1.3511,33,1.0
129,-1.2859,0.5474,-2.0584,-0.3916,-0.172,0.0543,1.9635,3.712,4124,0.9484
130,-0.6497,0.1644,-0.8383,-0.2779,-0.1108,0.03,2.3261,2.7552,1378,0.9582
131,-0.5139,0.1647,-0.8872,-0.2287,-0.1164,0.0181,3.4209,1.3428,70,0.9869
132,-2.1144,1.8908,-4.5898,-0.5188,-0.2724,0.191,3.8315,1.9599,66,0.994
133,-0.4658,0.6193,-0.8903,0.4532,-0.0779,0.1398,3.4707,1.7579,23,0.9792
134,-0.8191,0.1241,-0.9069,-0.7314,-0.1657,0.0036,4.2083,1.1827,3,1.0
135,-0.6413,0.1205,-0.7696,-0.4517,-0.12,0.0211,3.7113,1.5479,116,0.9738
136,-1.2549,1.1347,-3.7285,-0.3563,-0.1706,0.0858,3.6005,2.0428,238,0.9702
144,-1.8375,1.4066,-2.8321,-0.8429,-0.2487,0.1509,3.5899,2.0685,10,0.9375
145,-1.125,1.6175,-3.7689,0.8702,-0.1221,0.2616,3.1815,2.3155,103,0.9535
146,-2.4756,2.8242,-6.6135,-0.4839,-0.3175,0.2927,3.9849,1.6937,35,1.0
148,-0.8572,,-0.8572,-0.8572,-0.1521,,4.2151,1.3372,4,1.0
149,-6.2912,,-6.2912,-6.2912,-0.6151,,3.048,3.3556,10,0.9
150,-0.6133,0.1171,-0.8204,-0.448,-0.1111,0.0161,4.1243,1.4036,76,0.9802
151,-1.3925,1.5904,-5.1189,-0.2108,-0.2083,0.1595,3.2919,1.9611,117,0.9698
152,-0.616,0.05,-0.674,-0.5713,-0.1228,0.015,4.4749,1.1278,10,1.0
153,-0.5019,,-0.5019,-0.5019,-0.0979,,4.6841,1.0943,3,1.0
154,-0.4566,,-0.4566,-0.4566,-0.0929,,4.9149,1.0,1,1.0
156,-0.6318,0.2868,-1.1525,-0.2039,-0.1252,0.0421,2.7412,1.9415,308,0.9533
157,-4.4286,2.3964,-9.0117,-1.0873,-0.5654,0.2279,2.4887,3.1127,426,0.9404
158,-5.3936,3.4671,-9.6312,-0.7127,-0.6365,0.3128,3.0423,2.8531,131,0.9462
160,-0.6041,0.1487,-0.7526,-0.3506,-0.1152,0.028,3.9216,1.4812,59,0.9949
161,-0.4695,0.6688,-1.0247,0.9896,-0.0862,0.1401,3.6985,1.6232,83,0.9659
163,-7.6936,4.8666,-13.5058,-0.4571,-0.8719,0.4928,3.7851,2.2761,72,0.9591
164,-2.2869,1.5118,-4.7376,-0.4981,-0.2538,0.1203,3.0871,2.8971,422,0.9826
165,-1.2797,2.0932,-5.5015,0.1895,-0.1394,0.1805,3.4151,2.0048,55,0.9745
166,-0.9091,0.0184,-0.9221,-0.8961,-0.1981,0.0049,2.7917,2.1281,16,0.9643
167,-0.7614,0.0239,-0.7819,-0.7351,-0.1385,0.0059,4.207,1.3082,23,1.0
168,-1.8027,1.2727,-3.6675,-0.5773,-0.2201,0.0974,4.149,1.7779,118,0.9949
169,-2.5718,1.7746,-4.5164,-0.4264,-0.2935,0.1529,3.6408,2.3731,149,0.9703
170,-1.1847,0.8149,-2.4133,-0.4422,-0.1693,0.0712,4.7437,1.3603,22,1.0
171,-1.8743,1.6029,-4.9047,-0.1136,-0.2387,0.1668,3.692,2.0583,234,0.9758
