frame,residue_id,energy,interaction_type
0,145,-0.1262821,VDW
0,145,-0.14517507,VDW
0,145,-0.10157727,VDW
0,146,-0.17957234,VDW
0,146,-0.09713597,VDW
0,146,-0.09783815,VDW
0,146,-0.09896045,VDW
0,146,-0.2365655,VDW
0,146,-0.14791225,VDW
0,146,-4.337357,H-bond
0,146,-0.2369752,VDW
1,54,-0.08484505,VDW
1,54,-0.15303344,VDW
1,54,-0.14980008,VDW
1,54,-0.09291614,VDW
1,54,-0.115704596,VDW
1,54,-0.10589175,VDW
1,54,-0.13791344,VDW
1,54,-0.2191229,VDW
1,54,-0.101200454,VDW
1,54,-0.2243051,VDW
1,54,-0.12545983,VDW
1,54,-0.090525866,VDW
1,54,-0.21273911,VDW
1,54,-0.09334009,VDW
1,57,-0.2108567,VDW
1,57,-0.12397981,VDW
1,57,-0.19180712,VDW
1,57,-0.09358262,VDW
1,58,-0.09438161,VDW
1,96,-0.085016765,VDW
1,96,-0.15909939,VDW
1,96,-0.13997644,VDW
1,97,-0.20127413,VDW
2,129,-0.087892324,VDW
2,129,-0.09508341,VDW
2,129,-0.17016803,VDW
2,129,-0.13240069,VDW
2,129,-0.11136717,VDW
2,129,-0.23786728,VDW
2,151,-0.133263,VDW
2,157,-0.16293187,VDW
2,157,-0.15027802,VDW
2,157,-0.12379081,VDW
2,157,-0.20153773,VDW
2,157,-0.12262561,VDW
2,157,-0.18971144,VDW
2,157,0.806683,VDW
2,157,-0.1641375,VDW
2,157,-0.23302083,VDW
2,157,-0.21670927,VDW
2,157,0.38172242,VDW
2,157,-0.19289617,VDW
2,157,-0.18412827,VDW
2,157,-0.053032137,VDW
2,157,-0.23561475,VDW
2,157,-1.7324405,H-bond
2,157,-4.79525,H-bond
2,157,-0.17897409,VDW
2,157,-7.4957285,H-bond
2,157,-0.1273786,VDW
2,157,-0.15038303,VDW
2,157,-0.23143159,VDW
2,157,-0.18740001,VDW
2,157,-0.092599526,VDW
3,129,-0.13213733,VDW
4,25,-0.08909411,VDW
4,25,-0.1947181,VDW
4,25,-0.09427625,VDW
4,25,-1.3494396,Pi-cation
4,25,-0.23711991,VDW
4,25,-0.2027194,VDW
4,25,-0.13373303,VDW
4,25,-6.958012,H-bond
4,25,-0.09925725,VDW
4,25,-0.21394548,VDW
4,25,-0.09519985,VDW
4,25,-1.083444,Pi-cation
4,25,-0.23337917,VDW
4,25,-0.20117176,VDW
4,25,-0.21243674,VDW
4,25,1.0599597,VDW
4,25,-0.13276453,VDW
4,25,5.1009974,VDW
4,25,-0.10794507,VDW
4,25,-0.16775125,VDW
4,25,-0.23609294,VDW
4,26,-0.17762269,VDW
4,26,-0.113549516,VDW
5,129,-0.13062514,VDW
6,21,-0.10774769,VDW
6,25,-0.5081463,Pi-cation
6,25,-0.094344825,VDW
6,25,-0.11410943,VDW
6,25,-1.9598265,Pi-cation
6,25,-0.18702272,VDW
6,25,-0.098500066,VDW
6,25,-0.2361535,VDW
6,25,-2.6216817,Pi-cation
6,25,-0.21401967,VDW
6,25,-0.15707545,VDW
6,25,-0.16503082,VDW
6,25,0.7625863,VDW
6,25,-0.22949879,VDW
6,25,-0.14508851,VDW
6,25,-0.14807977,VDW
6,25,-0.13033052,VDW
6,25,-2.999753,Pi-cation
6,25,-0.044188812,VDW
6,25,-0.20622684,VDW
6,25,-0.2228933,VDW
6,25,-1.458617,H-bond
6,25,0.68699175,VDW
6,25,-0.2295006,VDW
6,25,-0.14565313,VDW
6,25,-1.5788169,Pi-cation
6,25,-0.2304108,VDW
6,25,-0.17802803,VDW
6,25,-0.20584024,VDW
6,25,-0.10556981,VDW
6,25,-0.1267877,VDW
6,25,-0.21028526,VDW
6,25,-0.11872445,VDW
6,25,-0.10727969,VDW
6,25,-2.7717333,Pi-cation
6,25,-0.21353632,VDW
6,25,-0.23793523,VDW
6,25,3.6562135,VDW
6,25,-0.23578465,VDW
6,25,-0.23044936,VDW
6,25,-0.18418346,VDW
6,25,-0.10270027,VDW
6,25,-0.20362328,VDW
6,25,-1.7156006,Pi-cation
6,25,-0.23097041,VDW
6,25,-0.23273407,VDW
6,25,0.4983108,VDW
6,25,-0.23442672,VDW
6,25,-0.113469884,VDW
6,25,-0.0855395,VDW
6,25,-0.23713085,VDW
7,146,-0.09206019,VDW
7,146,-0.123067014,VDW
7,146,-0.15594654,VDW
7,146,-0.18910584,VDW
7,146,-0.19318435,VDW
7,146,-0.13674018,VDW
7,146,-0.226055,VDW
7,146,-0.21876207,VDW
7,146,-0.13488102,VDW
7,146,-0.105973944,VDW
7,146,-0.14959018,VDW
7,146,-0.23645152,VDW
7,146,-0.19981958,VDW
7,148,-0.12405128,VDW
7,148,-0.10519386,VDW
7,148,-0.23206979,VDW
8,25,-0.18804057,VDW
8,25,-0.19840018,VDW
9,21,-0.09303728,VDW
9,25,-0.4653679,Pi-cation
9,25,-0.097172126,VDW
9,25,-0.105143055,VDW
9,25,-1.8047179,Pi-cation
9,25,-0.18253252,VDW
9,25,-0.10009626,VDW
9,25,-0.22315548,VDW
9,25,-2.4447808,Pi-cation
9,25,-0.22945309,VDW
9,25,-0.15558724,VDW
9,25,-0.16407566,VDW
9,25,0.5674559,VDW
9,25,-0.2363704,VDW
9,25,-0.1511083,VDW
9,25,-0.13141057,VDW
9,25,-0.111389674,VDW
9,25,-2.9898932,Pi-cation
9,25,-0.06806284,VDW
9,25,-0.21116787,VDW
9,25,-0.21121222,VDW
9,25,-1.5666685,H-bond
9,25,0.16440488,VDW
9,25,-0.20516,VDW
9,25,-0.15766104,VDW
9,25,-1.305377,Pi-cation
9,25,-0.21381132,VDW
9,25,-0.16612738,VDW
9,25,-0.19409542,VDW
9,25,-0.19061033,VDW
9,25,-0.103699155,VDW
9,25,-0.20670813,VDW
9,25,-0.10184337,VDW
9,25,-0.0889194,VDW
9,25,-2.6202114,Pi-cation
9,25,-0.22879665,VDW
9,25,-0.2377867,VDW
9,25,3.537688,VDW
9,25,-0.23360167,VDW
9,25,-0.20960507,VDW
9,25,-0.1523029,VDW
9,25,-0.10017495,VDW
9,25,-0.21087182,VDW
9,25,-1.4344903,Pi-cation
9,25,-0.2149904,VDW
9,25,-0.22409543,VDW
9,25,0.19521281,VDW
9,25,-0.2240294,VDW
9,25,-0.09332235,VDW
9,25,-0.23603776,VDW
10,25,-0.86274874,Pi-cation
10,25,-0.09797029,VDW
10,25,-0.23795378,VDW
10,25,-0.13767827,VDW
10,25,-1.9036571,Pi-cation
10,25,-0.21746543,VDW
10,25,1.0398451,VDW
10,25,-0.21921775,VDW
10,25,-0.08626019,VDW
10,25,-2.944741,Pi-cation
10,25,-0.15837537,VDW
10,25,-0.13262573,VDW
10,25,-0.11477121,VDW
10,25,-6.211079,H-bond
10,25,0.8108255,VDW
10,25,-0.10656818,VDW
10,25,-0.10658199,VDW
10,25,-1.0618998,Pi-cation
10,25,-0.18761078,VDW
10,25,-0.09587097,VDW
10,25,0.1640499,VDW
10,25,-0.105590194,VDW
10,25,-0.13308716,VDW
10,25,-0.08554345,VDW
10,25,-2.83953,Pi-cation
10,25,-0.08725694,VDW
10,25,-0.20859455,VDW
10,25,-0.23675734,VDW
10,25,0.6700044,VDW
10,25,-0.1995428,VDW
10,25,-0.10835716,VDW
10,25,-0.18536551,VDW
10,25,-1.6462773,Pi-cation
10,25,-0.23528644,VDW
10,25,-0.17778742,VDW
10,25,-0.18989314,VDW
10,25,-2.1865091,H-bond
10,25,-0.13497233,VDW
10,25,-0.21242517,VDW
11,24,-0.09808549,VDW
11,24,-0.22039971,VDW
11,25,-0.09085399,VDW
11,25,-0.21189526,VDW
11,25,-0.13926551,VDW
11,25,-0.15804079,VDW
11,25,-0.13154991,VDW
11,25,-0.08664054,VDW
11,25,-0.09758623,VDW
11,25,-0.16522409,VDW
11,25,-0.108145766,VDW
11,25,-0.19430946,VDW
11,25,-0.14224021,VDW
11,25,-0.16435038,VDW
11,25,-0.08618341,VDW
11,25,0.5086806,VDW
11,25,-0.10606129,VDW
11,25,-0.101919174,VDW
11,25,-0.22961225,VDW
11,25,-0.09185984,VDW
11,26,-0.1819691,VDW
11,26,-0.23058228,VDW
11,26,-0.1261947,VDW
11,26,-0.22908837,VDW
11,26,-0.117180794,VDW
11,26,-0.15059735,VDW
11,26,-0.110072255,VDW
11,26,-0.20645452,VDW
11,26,-0.12162984,VDW
11,26,-0.15319607,VDW
11,26,-0.15585367,VDW
11,26,-0.17052025,VDW
12,20,-0.12516718,VDW
13,45,-0.11050589,VDW
13,45,-0.12409266,VDW
13,45,-0.085063905,VDW
13,45,-0.23113129,VDW
13,83,-0.10689336,VDW
13,83,-0.1219067,VDW
13,83,-0.18746194,VDW
13,83,-0.11803948,VDW
13,83,-0.09421403,VDW
13,83,-0.13190442,VDW
13,83,-0.22025889,VDW
13,83,-0.21003796,VDW
13,83,-0.11954853,VDW
13,83,-0.09159221,VDW
13,83,-0.17943123,VDW
13,83,-0.09551968,VDW
13,83,-0.20875394,VDW
13,83,-0.0026560556,VDW
13,83,-0.20398375,VDW
13,83,-0.20994315,VDW
13,83,-0.108194485,VDW
13,83,-0.16558158,VDW
13,83,-0.17857917,VDW
13,83,-0.08692661,VDW
13,84,-0.09232055,VDW
13,84,-0.08771047,VDW
14,33,-0.091826305,VDW
14,33,-0.22005138,VDW
14,33,-0.1555484,VDW
14,33,-0.122626744,VDW
14,33,-0.111229315,VDW
14,33,-0.19374155,VDW
14,33,-0.23609436,VDW
14,33,-0.103271075,VDW
14,33,-0.091338865,VDW
14,33,-0.2333384,VDW
14,33,-0.1887167,VDW
14,33,-0.23257881,VDW
14,33,-4.9994273,H-bond
14,33,-0.18684494,VDW
14,33,-0.15137845,VDW
14,33,-0.042771243,VDW
14,33,-0.16085623,VDW
14,33,-0.11166286,VDW
14,33,-0.11099168,VDW
14,33,-0.143829,VDW
14,33,-0.19252075,VDW
14,33,-2.6585488,H-bond
14,33,-0.23793337,VDW
15,25,-0.10268286,VDW
15,25,-0.4905885,Pi-cation
15,25,-0.08830457,VDW
15,25,-0.23310935,VDW
15,25,-1.0482285,Pi-cation
15,25,-0.20235772,VDW
15,25,-0.09533479,VDW
15,25,2.2465668,VDW
15,25,-0.100849055,VDW
15,25,-0.14566027,VDW
15,25,-1.3175514,Pi-cation
15,25,-0.23794788,VDW
15,25,-0.19739239,VDW
15,25,-0.13101363,VDW
15,25,2.7286062,VDW
15,25,-0.09790126,VDW
15,25,-0.22434397,VDW
15,25,-2.677152,Pi-cation
15,25,1.1130731,VDW
15,25,-0.050332613,VDW
15,25,-0.099620864,VDW
15,25,-7.0944514,H-bond
15,25,-0.21546273,VDW
15,25,-0.13900132,VDW
15,25,0.43889865,VDW
15,25,-0.25591674,Pi-cation
15,25,-0.12175805,VDW
15,25,-0.12753983,VDW
15,25,-0.096351385,VDW
15,25,-0.22722322,VDW
15,25,-0.23490837,VDW
15,25,-1.5892973,Pi-cation
15,25,-0.23507498,VDW
15,25,-0.15938212,VDW
15,25,1.2054957,VDW
15,25,-0.20628566,VDW
15,25,-0.090713456,VDW
15,25,-0.12901156,VDW
15,25,0.45320666,VDW
15,25,-0.31638554,Pi-cation
15,25,-0.12762685,VDW
15,25,-0.18160987,VDW
15,25,-0.21334863,VDW
15,25,-0.17857035,VDW
15,25,-0.20955823,VDW
16,25,-0.39208913,Pi-cation
16,25,-0.1657496,VDW
16,25,-1.0227437,Pi-cation
16,25,-0.17957057,VDW
16,25,-0.08517114,VDW
16,25,0.18141821,VDW
16,25,-0.10628114,VDW
16,25,-0.117631614,VDW
16,25,-1.2717493,Pi-cation
16,25,-0.22890174,VDW
16,25,-0.18137299,VDW
16,25,-0.16619216,VDW
16,25,0.18639293,VDW
16,25,-0.09808154,VDW
16,25,-0.23479612,VDW
16,25,-2.5457087,Pi-cation
16,25,0.057418644,VDW
16,25,-0.19026874,VDW
16,25,0.32860515,VDW
16,25,-4.4630713,H-bond
16,25,-0.20003463,VDW
16,25,-0.118095726,VDW
16,25,-0.14182314,VDW
16,25,-0.2608537,Pi-cation
16,25,-0.11192598,VDW
16,25,-0.12314944,VDW
16,25,-0.12563439,VDW
16,25,-0.19374155,VDW
16,25,-0.21900295,VDW
16,25,-1.4513135,Pi-cation
16,25,-0.22976266,VDW
16,25,-0.2147258,VDW
16,25,4.064639,VDW
16,25,-0.22444326,VDW
16,25,-0.11895117,VDW
16,25,-0.09237408,VDW
16,25,-0.3045725,Pi-cation
16,25,-0.11408511,VDW
16,25,-0.17569532,VDW
16,25,-0.23769528,VDW
16,25,-0.13899258,VDW
16,25,-0.23706952,VDW
17,65,-0.13994376,VDW
18,21,-0.101718836,VDW
18,21,-0.23790789,VDW
18,21,-0.08598237,VDW
18,21,-0.100242555,VDW
18,21,-0.17180799,VDW
18,21,0.24190181,VDW
18,21,-0.19404307,VDW
18,21,-0.21746098,VDW
18,21,-0.09823785,VDW
18,21,-0.20901795,VDW
18,21,-0.23548351,VDW
18,21,-0.100237824,VDW
18,21,-6.347453,Salt bridge
18,21,-0.11380055,VDW
18,21,-0.09180498,VDW
18,21,-7.007179,H-bond
18,21,-6.426976,H-bond
18,23,-0.086435996,VDW
18,23,-0.11549147,VDW
18,23,-0.15382792,VDW
18,23,-0.23798855,VDW
18,23,-0.23594327,VDW
18,23,-0.17521991,VDW
18,23,-0.09800847,VDW
18,23,-0.09093217,VDW
18,23,-5.604738,Salt bridge
18,23,-0.09781123,VDW
18,23,-0.21481176,VDW
18,23,-0.23686431,VDW
18,23,-0.11453433,VDW
18,25,-0.110968836,VDW
18,25,-0.13684092,VDW
18,25,-0.09185311,VDW
18,25,-0.23166668,VDW
18,25,-0.09462771,VDW
18,25,-0.1092333,VDW
18,31,-0.086958535,VDW
18,99,-0.101499036,VDW
18,99,-0.19818412,VDW
18,100,-0.0856634,VDW
18,100,-0.11797458,VDW
18,100,-0.21528555,VDW
18,100,-0.118603,VDW
18,100,-0.1536722,VDW
18,100,-0.22783527,VDW
18,100,-0.090218216,VDW
18,100,-1.0557146,H-bond
18,101,-0.12673265,VDW
18,101,-0.1523357,VDW
18,101,-0.13499121,VDW
18,101,-0.10377027,VDW
18,101,-0.19072168,VDW
18,101,-0.2100088,VDW
18,101,-0.21762882,VDW
18,101,-0.09416071,VDW
18,101,-0.2056802,VDW
18,101,-0.13125265,VDW
18,101,-0.10552986,VDW
18,101,-0.12403234,VDW
18,101,-0.15530613,VDW
18,101,-0.1648642,VDW
18,101,-0.20942642,VDW
18,101,-0.23483019,VDW
18,101,-0.12471369,VDW
18,101,0.2088112,VDW
18,101,-0.22628668,VDW
18,101,-0.14247267,VDW
18,101,-6.9429975,H-bond
18,102,-0.111671254,VDW
18,102,-0.7532156,H-bond
18,102,-0.14082617,VDW
18,102,-0.11646722,VDW
18,102,-0.223895,VDW
18,102,-0.1295068,VDW
18,102,-0.10721167,VDW
19,124,-0.09578251,VDW
19,124,-0.14597589,VDW
20,65,-0.13811052,VDW
20,66,-0.08600517,VDW
20,66,-0.19773737,VDW
20,66,-0.09318,VDW
20,66,-0.17736872,VDW
20,66,-0.086163096,VDW
20,66,-0.12621704,VDW
20,66,-0.21324702,VDW
20,169,-0.43077523,Pi-cation
20,169,-0.10674517,VDW
20,169,-2.0862372,Pi-cation
20,169,-0.22670704,VDW
20,169,-0.1291438,VDW
20,169,-0.16326034,VDW
20,169,-0.18266924,VDW
20,169,-0.20743617,VDW
20,169,-0.12289457,VDW
20,169,-0.101088725,VDW
20,170,-0.13214287,VDW
21,80,-0.2049373,VDW
22,60,-0.1841913,VDW
22,60,-0.11969711,VDW
22,60,-0.12518893,VDW
22,60,-0.20249698,VDW
22,60,-0.21777497,VDW
22,60,-0.10495988,VDW
22,61,-0.093256906,VDW
22,61,-0.13671015,VDW
22,61,-0.108773395,VDW
22,61,-0.17217192,VDW
22,99,-0.09334968,VDW
22,99,-0.110085115,VDW
22,99,-0.21100184,VDW
22,99,-0.10630536,VDW
22,99,-0.1268174,VDW
22,99,-0.19897887,VDW
22,99,-0.22887023,VDW
22,99,-0.14190114,VDW
22,99,-0.16423443,VDW
22,99,-0.23012404,VDW
22,99,-0.09394914,VDW
22,99,-0.20696925,VDW
22,99,-0.09622344,VDW
22,99,-0.21488383,VDW
22,99,-0.090438224,VDW
22,99,-0.10123561,VDW
22,99,-0.23794465,VDW
22,99,-0.12023278,VDW
22,99,2.4700305,VDW
22,99,0.42202276,VDW
22,99,-0.14085914,VDW
22,99,0.0051741106,VDW
22,99,-0.09109454,VDW
22,99,-0.14319423,VDW
22,99,-0.15852472,VDW
22,99,-0.13001291,VDW
22,99,-0.13576205,VDW
22,99,-0.14343125,VDW
22,99,-0.23585376,VDW
22,99,-0.23794131,VDW
22,99,-2.9514658,H-bond
22,99,-4.0314007,H-bond
22,99,-0.11326373,VDW
22,99,-0.105637304,VDW
23,129,-0.16539249,VDW
23,129,-0.091377296,VDW
23,129,-0.11248549,VDW
23,129,-0.22600932,VDW
23,129,0.56494737,VDW
23,129,-0.23796746,VDW
23,129,-0.15568104,VDW
23,129,-0.13878025,VDW
23,154,-0.12826799,VDW
23,154,-0.091840185,VDW
23,154,-0.2263993,VDW
23,154,-0.111733764,VDW
23,155,-0.104600534,VDW
23,155,-0.09456718,VDW
23,155,-0.16685387,VDW
23,155,-0.14774315,VDW
23,156,-0.1235125,VDW
23,156,-0.19868943,VDW
23,156,-0.18577576,VDW
23,156,-0.14501002,VDW
23,156,-0.23739004,VDW
23,156,-0.16587208,VDW
23,156,-0.15652858,VDW
23,156,-0.13940477,VDW
23,156,0.9779145,VDW
23,156,-0.16790853,VDW
23,156,-0.22434618,VDW
23,156,-0.16692649,VDW
23,156,-0.1628236,VDW
23,156,-0.118346825,VDW
23,156,-0.22281888,VDW
23,156,-0.14254573,VDW
23,156,0.007373493,VDW
23,156,0.56781155,VDW
23,156,-0.19437703,VDW
23,156,-0.21560507,VDW
23,156,-0.19113201,VDW
23,156,-0.23340313,VDW
23,156,-0.1126533,VDW
23,156,-0.19260462,VDW
23,156,-0.17374162,VDW
23,156,-0.2191512,VDW
23,156,0.05753622,VDW
23,156,-0.110935345,VDW
23,156,-0.08706923,VDW
23,156,-0.13349606,VDW
23,156,-0.2164707,VDW
23,156,-0.14055975,VDW
23,156,-0.12031021,VDW
23,156,-0.10898442,VDW
23,156,-0.096851274,VDW
23,156,-0.23095247,VDW
23,157,-0.122792505,VDW
23,157,-0.09818942,VDW
23,157,-0.15976988,VDW
23,157,-0.23266083,VDW
24,31,-0.122509316,VDW
24,31,-0.15605566,VDW
25,129,-0.11549583,VDW
25,129,-0.21202388,VDW
26,129,-0.14515856,VDW
27,25,-0.10682125,VDW
28,129,-0.110743165,VDW
28,129,-0.0992269,VDW
28,129,-0.08834554,VDW
28,129,-0.233956,VDW
28,129,-0.091826014,VDW
28,129,-0.17975578,VDW
28,129,-0.2290729,VDW
28,129,-0.11179738,VDW
28,129,-0.13276453,VDW
28,129,-0.23472616,VDW
28,129,-4.9993024,H-bond
28,129,-0.124309175,VDW
28,129,-0.1323278,VDW
28,129,-0.19985954,VDW
28,129,-0.1936011,VDW
28,129,-0.1503336,VDW
28,129,-0.11401994,VDW
28,129,-0.085473344,VDW
28,129,-0.17802803,VDW
28,129,-0.23126918,VDW
28,129,-0.20033005,VDW
28,129,-0.1995981,VDW
28,129,-0.20469053,VDW
28,129,-0.21885571,VDW
28,129,-0.21968149,VDW
28,129,-0.20943458,VDW
28,129,-0.10890585,VDW
28,129,-0.10584689,VDW
28,129,-0.124492586,VDW
28,129,-0.1238067,VDW
28,129,-0.14720091,VDW
28,129,-0.14883141,VDW
28,129,-0.10701407,VDW
28,130,-0.10967023,VDW
28,130,-0.10508944,VDW
28,130,-0.08635251,VDW
28,130,-0.14316382,VDW
29,44,-0.08807029,VDW
29,44,-0.09449846,VDW
29,44,-0.20336837,VDW
29,45,-0.08558311,VDW
29,45,-0.085551284,VDW
29,45,-0.093936965,VDW
29,45,-0.088265635,VDW
29,45,-0.10668446,VDW
29,45,-0.1494949,VDW
29,45,-0.20759694,VDW
29,45,-0.10055412,VDW
29,45,-0.09622955,VDW
29,92,-0.10109657,VDW
30,86,-0.12642047,VDW
30,105,-0.096948944,VDW
30,105,-0.13128974,VDW
30,105,-0.19019052,VDW
30,105,-0.10059548,VDW
30,105,-0.08496685,VDW
30,105,-0.11620155,VDW
31,156,-0.101610236,VDW
31,156,-0.2375833,VDW
31,156,-0.10119735,VDW
31,156,-0.12378199,VDW
31,156,-0.23768567,VDW
31,156,-0.11583392,VDW
31,156,-0.09326555,VDW
31,156,-0.143455,VDW
31,156,-0.12533526,VDW
31,156,-0.22558552,VDW
31,156,-0.15597655,VDW
31,156,-0.10847029,VDW
31,156,0.40696335,VDW
31,156,-0.22940297,VDW
31,156,-0.16067684,VDW
31,156,-0.21725538,VDW
31,156,-0.12472508,VDW
32,129,-0.1456628,VDW
32,129,-0.10588905,VDW
32,129,-0.23770876,VDW
32,129,-0.18198194,VDW
33,129,-0.107846476,VDW
33,129,-0.094429776,VDW
33,129,-0.23551355,VDW
33,129,-0.090213425,VDW
34,25,-0.08787254,VDW
34,25,-0.3746321,Pi-cation
34,25,-0.23367508,VDW
34,25,-1.6322749,Pi-cation
34,25,-0.16935398,VDW
34,25,-3.2756832,H-bond
34,25,-0.20901209,VDW
34,25,-0.23185804,VDW
34,25,-1.9885836,Pi-cation
34,25,-0.23253952,VDW
34,25,-0.08594075,VDW
34,25,4.6557093,VDW
34,25,-0.22118601,VDW
34,25,-0.0965406,VDW
34,25,-0.6833619,Pi-cation
34,25,-0.14757727,VDW
34,25,-2.5488305,H-bond
34,25,-0.096882045,VDW
35,30,-0.10193643,VDW
35,30,-0.22198376,VDW
35,30,-0.16249499,VDW
35,30,0.0552726,VDW
35,30,-0.1032333,VDW
35,30,-3.3302772,Salt bridge
35,30,-0.1159174,VDW
35,30,-0.11916865,VDW
35,31,-0.1304132,VDW
35,31,-0.20814769,VDW
35,31,-0.12506889,VDW
35,31,-0.121079795,VDW
35,31,-0.14914154,VDW
35,31,-0.23707764,VDW
35,31,-0.20133767,VDW
35,31,-0.15826716,VDW
35,31,-0.08823026,VDW
35,31,-0.22278321,VDW
35,31,-0.23422301,VDW
35,31,-0.21617539,VDW
35,31,-0.14663015,VDW
35,31,-0.14843604,VDW
35,31,-0.20423348,VDW
35,31,-0.11539835,VDW
35,31,-0.17963251,VDW
35,31,-0.22249748,VDW
35,31,-0.17547396,VDW
35,31,-0.23467799,VDW
35,31,-0.20709828,VDW
35,31,-0.119631276,VDW
35,31,-0.22665922,VDW
35,31,0.33540452,VDW
35,31,-0.08687194,VDW
35,31,-0.2067046,VDW
35,31,-0.091709495,VDW
35,31,-0.11268331,VDW
35,31,-0.17075858,VDW
35,31,-0.1450895,VDW
35,31,-0.1446591,VDW
35,31,-0.102346994,VDW
35,31,1.6977901,VDW
35,31,-0.23551261,VDW
35,31,-0.12588443,VDW
35,31,-0.16510883,VDW
35,31,-0.09388252,VDW
35,31,-0.13019802,VDW
35,31,-0.17216021,VDW
35,31,-0.15205865,VDW
35,31,-0.14672622,VDW
35,33,-0.11459351,VDW
35,35,-0.15241931,VDW
36,156,-0.15916805,VDW
36,156,-0.10312876,VDW
36,156,-0.2169671,VDW
36,156,-0.12294105,VDW
37,25,-0.13736638,VDW
37,25,-0.47479808,Pi-cation
37,25,-0.096064195,VDW
37,25,-0.21535501,VDW
37,25,-0.16265592,VDW
38,156,-0.09586169,VDW
38,156,-0.16665661,VDW
38,156,-0.13914554,VDW
38,156,-0.11919381,VDW
38,156,-0.0935311,VDW
38,156,-0.23794957,VDW
38,156,-0.116162315,VDW
39,129,-0.1382465,VDW
39,129,-0.09626886,VDW
39,129,-0.18503241,VDW
39,129,-0.110092334,VDW
39,129,-0.21005681,VDW
39,129,-0.1309595,VDW
39,129,-0.13676995,VDW
39,154,-0.1536883,VDW
39,154,-0.1008021,VDW
39,154,-0.23586297,VDW
39,154,-0.0859061,VDW
39,154,-0.12955168,VDW
39,155,-0.11119455,VDW
39,155,-0.08820414,VDW
39,155,-0.15383513,VDW
39,155,-0.14788193,VDW
39,156,-0.097034596,VDW
39,156,-0.106543794,VDW
39,156,-0.19371004,VDW
39,156,-0.2035911,VDW
39,156,-0.17895137,VDW
39,156,-0.22653382,VDW
39,156,-0.17396371,VDW
39,156,-0.19226943,VDW
39,156,-0.17687346,VDW
39,156,0.5672745,VDW
39,156,-0.15909886,VDW
39,156,-0.21852264,VDW
39,156,-0.15590794,VDW
39,156,-0.098983064,VDW
39,156,-0.17874472,VDW
39,156,-0.13375989,VDW
39,156,-0.19439746,VDW
39,156,-0.11994217,VDW
39,156,-0.09365921,VDW
39,156,0.16146705,VDW
39,156,-0.18357465,VDW
39,156,-0.23526567,VDW
39,156,-0.22181812,VDW
39,156,-0.23797031,VDW
39,156,-0.12509044,VDW
39,156,-0.19043185,VDW
39,156,-0.18337294,VDW
39,156,-0.18718587,VDW
39,156,-0.19944087,VDW
39,156,-0.13990764,VDW
39,156,-0.11501354,VDW
39,156,-0.14507389,VDW
39,156,-0.22448222,VDW
39,156,-0.16416088,VDW
39,156,-0.1365158,VDW
39,156,-0.13233285,VDW
39,156,-0.09240417,VDW
39,156,-0.23698138,VDW
39,157,-0.13459983,VDW
39,157,-0.10714976,VDW
39,157,-0.18993977,VDW
39,157,-0.08570121,VDW
39,157,-0.12504868,VDW
39,157,-0.18697217,VDW
39,157,-0.09893717,VDW
40,154,-0.08854211,VDW
40,154,-0.098329954,VDW
40,154,-0.09745428,VDW
40,156,-0.13141942,VDW
40,156,-0.23048835,VDW
40,156,-0.1804212,VDW
40,156,-0.14828104,VDW
40,156,-0.1604098,VDW
40,156,-0.23795117,VDW
40,156,-0.17957765,VDW
40,156,-0.13921018,VDW
40,156,-0.13828558,VDW
40,156,-0.23360376,VDW
40,156,-0.1070897,VDW
40,156,-0.12364647,VDW
40,156,-0.0850497,VDW
40,156,-0.109226935,VDW
40,156,-0.17431806,VDW
40,156,-0.12116954,VDW
40,156,-0.19490992,VDW
40,156,0.121736065,VDW
40,156,-0.13483103,VDW
40,156,-0.15183695,VDW
40,156,-0.12744176,VDW
40,156,0.25578642,VDW
40,156,0.2292633,VDW
40,156,-0.124148086,VDW
40,156,-0.19977441,VDW
40,156,-0.18000112,VDW
40,156,-0.1713793,VDW
40,156,-0.22695129,VDW
40,156,-0.1941003,VDW
40,156,-0.10834183,VDW
40,156,-0.106491975,VDW
40,156,-0.19106913,VDW
40,156,-0.23589303,VDW
40,156,-0.22707593,VDW
40,156,-0.15849777,VDW
40,156,-0.116175115,VDW
40,156,-0.14818169,VDW
40,156,-0.097258165,VDW
40,156,-0.23748259,VDW
40,156,-0.19526835,VDW
40,156,-0.12757157,VDW
40,156,-0.15117213,VDW
40,156,-0.12036251,VDW
40,156,-0.19149554,VDW
40,156,-0.10116885,VDW
40,157,-0.11142958,VDW
40,157,-0.2343336,VDW
40,157,-0.15449823,VDW
40,157,-0.13545923,VDW
40,157,-0.12910387,VDW
40,157,-0.10485873,VDW
40,157,-0.16928132,VDW
40,157,-0.11296439,VDW
40,157,-0.17871545,VDW
40,157,-0.17235546,VDW
40,157,0.012113629,VDW
40,157,-0.21786804,VDW
40,157,-0.14023608,VDW
40,157,-2.6425786,H-bond
40,157,-7.447191,H-bond
40,157,-0.14809039,VDW
40,157,-0.16712044,VDW
41,45,-0.09755419,VDW
41,45,-0.237855,VDW
41,79,-0.114232816,VDW
41,80,-0.09786502,VDW
41,80,-0.09300449,VDW
41,80,-0.10215045,VDW
41,80,-0.09573131,VDW
41,80,-0.20384923,VDW
41,80,-0.1646401,VDW
41,80,-0.20642947,VDW
41,80,-0.20180175,VDW
41,80,-0.13134553,VDW
41,80,-0.17000851,VDW
41,80,-0.15876412,VDW
41,80,-0.22145413,VDW
41,80,-0.23785426,VDW
41,80,-0.10293012,VDW
42,79,-0.09487113,VDW
42,79,-0.17094035,VDW
42,79,-0.15800369,VDW
42,79,-0.11247605,VDW
42,79,-0.14689508,VDW
42,79,-0.22930484,VDW
42,79,-0.10435009,VDW
42,79,-0.17521049,VDW
42,79,-0.17541869,VDW
42,79,-1.0787581,H-bond
42,80,-0.11603659,VDW
42,80,-0.16075434,VDW
42,80,-0.12962867,VDW
42,80,-0.11871704,VDW
43,129,-0.13628903,VDW
43,129,-0.22075453,VDW
43,129,-0.12097545,VDW
43,129,-0.102620855,VDW
43,129,-0.23702022,VDW
43,129,-0.23332058,VDW
43,129,-0.23572019,VDW
43,129,-0.14282584,VDW
43,129,-0.11019898,VDW
43,129,-0.23067449,VDW
43,129,-0.14991875,VDW
43,129,-0.09712684,VDW
43,129,-0.21424939,VDW
43,129,-0.09741814,VDW
43,129,-0.11204479,VDW
43,129,-0.13266836,VDW
43,129,-0.08885893,VDW
43,129,-0.110503495,VDW
43,129,-0.111719534,VDW
43,129,1.4063598,VDW
43,129,-0.16381033,VDW
43,135,-0.08681559,VDW
43,135,-0.18294169,VDW
43,135,-0.11478466,VDW
43,154,-0.10480205,VDW
43,154,-0.1576762,VDW
43,154,-0.2090325,VDW
43,154,-0.16974765,VDW
43,154,-0.119056605,VDW
43,154,-0.106769025,VDW
43,154,-0.23558676,VDW
43,154,-0.15701957,VDW
43,154,-0.11722917,VDW
43,154,-0.09819247,VDW
43,154,-0.22734171,VDW
43,154,-0.17645065,VDW
43,154,-0.16864051,VDW
43,155,-0.096496046,VDW
43,155,-0.1226401,VDW
43,155,-0.16778082,VDW
43,155,-0.235752,VDW
43,155,-0.11983675,VDW
43,155,-0.14445795,VDW
43,155,-0.08553655,VDW
43,155,-0.15698308,VDW
43,155,-0.15016118,VDW
43,155,-0.08674335,VDW
43,155,-0.17582782,VDW
43,155,-0.08767434,VDW
43,155,-0.14678197,VDW
43,155,-0.23113129,VDW
43,155,-0.09499074,VDW
43,155,-0.16162896,VDW
43,155,-0.106315814,VDW
43,155,-0.12044946,VDW
43,155,-0.2225631,VDW
43,155,-0.08529421,VDW
43,155,-0.23600896,VDW
43,156,-0.13500859,VDW
43,156,-0.16090837,VDW
43,156,-0.23537783,VDW
43,156,-0.13724853,VDW
43,156,-0.09859904,VDW
43,156,-0.08897377,VDW
43,156,-0.17321125,VDW
43,156,-0.1928633,VDW
43,156,-0.1400367,VDW
43,156,-0.15278153,VDW
43,156,-0.17979898,VDW
43,156,-0.22335309,VDW
43,156,-0.2183723,VDW
43,156,-0.15292515,VDW
43,156,-0.09881775,VDW
43,156,-0.18620783,VDW
43,156,-0.1568553,VDW
43,156,-0.116818145,VDW
43,156,-0.11454676,VDW
43,156,0.02972594,VDW
43,156,-0.12723884,VDW
43,156,-0.14070459,VDW
43,156,-0.095936045,VDW
43,156,-0.104229435,VDW
43,156,-0.16459134,VDW
43,156,-0.20971902,VDW
43,156,0.2695632,VDW
43,156,-0.09499309,VDW
43,156,-0.087184094,VDW
43,157,-0.1790183,VDW
43,157,-0.093802415,VDW
43,157,-0.10436746,VDW
43,157,-0.11486693,VDW
43,157,-0.22889015,VDW
43,157,-0.23721933,VDW
43,157,-0.08624281,VDW
43,157,-0.16187376,VDW
43,157,-0.11543005,VDW
43,157,-0.085309274,VDW
43,157,-0.1136814,VDW
43,157,-0.2377854,VDW
43,157,-0.21169978,VDW
43,157,-0.18526122,VDW
43,157,-0.18146114,VDW
43,157,-7.6179047,Salt bridge
43,157,-0.11502875,VDW
43,157,-0.17363933,VDW
43,157,-0.23299314,VDW
43,157,-0.17474766,VDW
43,157,-7.381835,H-bond
43,157,-0.1645892,VDW
43,157,-0.1053454,VDW
43,157,-0.089356765,VDW
44,156,-0.18176545,VDW
44,156,-0.12263626,VDW
44,156,-0.22807594,VDW
44,156,-0.15024109,VDW
44,156,-0.2242498,VDW
44,156,-0.106038526,VDW
44,156,-0.22113125,VDW
44,156,-0.107338235,VDW
44,156,-0.09207426,VDW
45,25,-0.14153515,VDW
45,25,-0.08781772,VDW
45,25,-0.11939473,VDW
45,25,-0.15448672,VDW
45,26,-0.17186254,VDW
45,26,-0.13230056,VDW
45,26,-0.102493264,VDW
45,26,-0.08540052,VDW
45,26,-0.092981644,VDW
45,26,-0.20293623,VDW
45,26,-0.2267592,VDW
45,26,-0.08604486,VDW
45,26,-0.2274492,VDW
45,26,-0.08841502,VDW
46,25,-0.74295324,Pi-cation
46,25,-0.09950686,VDW
46,25,-0.12308109,VDW
46,25,-0.22351241,Pi-cation
46,25,-0.13160132,VDW
46,25,-2.4960756,Pi-cation
46,25,-0.18145192,VDW
46,25,-0.19125359,VDW
46,25,-0.21981631,VDW
46,25,-1.7389579,Pi-cation
46,25,-0.17477232,VDW
46,25,-2.3965154,H-bond
46,25,-0.1805161,VDW
46,26,-0.11728194,VDW
46,26,-0.13122019,VDW
46,26,-0.18748975,VDW
46,26,-0.15943521,VDW
46,26,-0.22823022,VDW
46,26,-1.3550831,H-bond
46,27,-0.09138492,VDW
46,27,-0.19679222,VDW
46,27,-0.1236832,VDW
46,27,-0.091887265,VDW
46,28,-0.13136199,VDW
46,28,-0.08952877,VDW
46,28,-0.2209898,VDW
46,28,-0.09056776,VDW
46,28,-0.08840515,VDW
46,28,-0.087264225,VDW
46,28,-0.10642957,VDW
46,28,-0.10384066,VDW
46,28,-0.10643683,VDW
46,28,-0.23790507,VDW
46,28,-0.09949139,VDW
46,28,-0.103936546,VDW
46,28,-0.1392091,VDW
46,28,-0.14280114,VDW
46,30,-0.16166115,VDW
46,31,-0.15503618,VDW
46,31,-0.08719958,VDW
47,158,-0.09015428,VDW
47,158,-0.14274435,VDW
47,158,-0.17348965,VDW
47,158,-0.21834087,VDW
47,158,-0.09259746,VDW
47,158,-0.22391808,VDW
47,158,-0.14206512,VDW
47,158,-0.13002734,VDW
47,158,0.105994366,VDW
47,158,-1.0944726,H-bond
47,158,-5.8397665,H-bond
47,158,-0.23626813,VDW
47,158,-7.4639864,H-bond
47,158,-0.0907999,VDW
47,158,-0.17005214,VDW
47,158,-0.109884776,VDW
48,156,-0.16240168,VDW
48,156,-0.2255523,VDW
48,156,-0.23523623,VDW
48,156,-0.12739213,VDW
48,156,-0.113372415,VDW
48,156,-0.15754172,VDW
48,156,-0.2251936,VDW
49,164,-0.11151709,VDW
49,168,-0.10373167,VDW
49,168,-0.1088288,VDW
49,168,-0.13525708,VDW
49,168,-0.22259742,VDW
49,168,-0.099957116,VDW
49,168,-0.11059355,VDW
49,168,-0.08972582,VDW
49,168,-0.13141719,VDW
49,168,-0.11522454,VDW
49,168,-0.20779935,VDW
49,168,-0.20872736,VDW
50,97,-0.100809634,VDW
50,97,-0.09070383,VDW
50,97,-0.090149075,VDW
50,97,-0.16556484,VDW
50,97,-0.156521,VDW
50,97,-0.09560464,VDW
51,111,-0.12817882,VDW
51,111,-0.16003795,VDW
51,111,-0.14147891,VDW
51,111,-1.914393,H-bond
51,111,-0.094479516,VDW
52,9,-0.08714868,VDW
52,9,-0.13601814,VDW
52,9,-0.1525867,VDW
52,9,-0.12253232,VDW
52,9,-0.19609694,VDW
52,9,-0.20477922,VDW
52,10,-0.085454665,VDW
52,10,-0.114690624,VDW
52,10,-0.16448452,VDW
52,10,-0.09406786,VDW
52,10,-0.16013727,VDW
52,10,-0.21639039,VDW
52,10,-0.22673552,VDW
52,10,-0.15553226,VDW
52,10,-0.2216476,VDW
52,10,-0.13727239,VDW
52,10,-0.101249635,VDW
52,10,-0.17258738,VDW
52,10,-0.16240042,VDW
52,10,-0.09561098,VDW
52,10,-0.21288423,VDW
52,10,-0.12256208,VDW
52,10,-0.21225415,VDW
52,10,-0.18221833,VDW
52,10,-0.09814082,VDW
52,10,-0.1462504,VDW
52,10,-0.16645359,VDW
52,10,1.4375648,VDW
52,10,1.6214193,VDW
52,10,10.0,VDW
52,10,-0.16440664,VDW
52,10,-0.13894215,VDW
52,10,-0.10433311,VDW
52,10,-0.19456731,VDW
52,10,-0.2222888,VDW
52,10,-0.13814807,VDW
52,10,-0.14456934,VDW
52,10,0.7282521,VDW
52,10,10.0,VDW
52,10,-0.16203418,VDW
52,10,-0.21933238,VDW
52,10,-0.2222877,VDW
52,10,-0.20158759,VDW
52,10,-0.23659891,VDW
52,10,-0.19119966,VDW
52,10,-0.176771,VDW
52,10,-0.2209285,VDW
52,10,-0.23725618,VDW
52,10,-0.08595144,VDW
52,10,-0.22701989,VDW
52,10,-0.17288248,VDW
52,10,-0.10040086,VDW
52,10,-0.14422494,VDW
52,10,-0.16643418,VDW
52,10,-0.104423836,VDW
52,10,-0.11993145,VDW
52,10,-0.20525092,VDW
52,10,-0.16332759,VDW
52,11,-0.11138203,VDW
52,11,-0.19399571,VDW
52,11,-0.13019985,VDW
52,11,-0.17833295,VDW
52,11,-0.18546325,VDW
52,12,-0.08557585,VDW
52,12,-0.11905491,VDW
52,12,-0.09574985,VDW
52,12,-0.10774621,VDW
52,12,-0.11576407,VDW
52,12,-0.1668986,VDW
52,12,-0.11339817,VDW
52,12,-0.2301045,VDW
52,12,-0.05548204,VDW
52,12,-0.23447552,VDW
52,12,-0.09946667,VDW
52,12,-0.11823382,VDW
52,12,-0.13925484,VDW
52,12,-0.12744933,VDW
52,12,-0.23261794,VDW
52,12,-0.23736817,VDW
52,12,-0.18767908,VDW
52,12,-0.11167201,VDW
52,12,-0.23349606,VDW
52,12,-0.2106234,VDW
52,12,-0.1333595,VDW
52,12,-0.14395252,VDW
52,12,-0.030709479,VDW
52,12,-0.1940675,VDW
52,12,-0.21938483,VDW
52,12,-3.079027,H-bond
52,12,-2.5072412,H-bond
52,12,-0.2280995,VDW
52,12,-0.17860599,VDW
52,12,-0.19294631,VDW
52,12,-0.089635685,VDW
52,12,-0.23262791,VDW
52,12,-0.23283923,VDW
52,12,-0.19432291,VDW
52,12,-0.22231674,VDW
52,12,4.3502536,VDW
52,12,-0.21977776,VDW
52,12,-0.09980359,VDW
52,12,-0.19472778,VDW
52,12,-0.19727577,VDW
52,12,-0.22471648,VDW
52,12,-0.16036592,VDW
52,12,-0.089268744,VDW
52,12,-0.11231393,VDW
52,12,-0.09302371,VDW
52,12,-0.14339425,VDW
52,12,0.6029611,VDW
52,12,5.1079946,VDW
52,12,-0.13225628,VDW
52,12,-0.21397133,VDW
52,12,-4.5119443,H-bond
52,12,-0.21587144,VDW
53,44,-0.09069184,VDW
53,44,-0.15148795,VDW
53,44,-0.119596474,VDW
53,44,-0.16122106,VDW
53,44,-0.15369886,VDW
53,45,-0.13705122,VDW
53,45,-0.14389022,VDW
53,45,-0.19652607,VDW
53,45,0.24711803,VDW
53,45,-0.176215,VDW
53,45,-0.15398818,VDW
53,45,-0.18582407,VDW
53,45,-0.08694316,VDW
53,45,0.41338262,VDW
53,45,-0.113493286,VDW
53,45,-0.098452635,VDW
53,45,-0.15602764,VDW
53,45,-0.09179345,VDW
53,45,-1.5792506,H-bond
53,45,-0.112246156,VDW
53,45,-0.23796526,VDW
53,45,-0.11779581,VDW
53,45,-0.14166762,VDW
53,45,-0.099781446,VDW
53,46,-0.15011202,VDW
53,46,-0.11982599,VDW
53,46,-0.09683204,VDW
53,46,-0.23737219,VDW
53,46,-0.1238387,VDW
53,46,-0.15522328,VDW
53,46,-0.21935403,VDW
53,46,-0.14253329,VDW
53,46,-0.20029193,VDW
53,46,-0.15749215,VDW
53,46,-0.22196862,VDW
53,46,-0.13434556,VDW
53,46,6.1743298,VDW
53,46,-0.18242694,VDW
53,47,-0.10826209,VDW
53,47,-0.14029291,VDW
53,47,-0.18784864,VDW
53,47,-0.20032036,VDW
53,48,-0.12183873,VDW
53,48,-0.13085204,VDW
53,49,-0.17597225,VDW
53,49,-0.23300453,VDW
53,49,-0.2222717,VDW
53,49,-0.12303197,VDW
53,49,0.8921355,VDW
53,49,-0.22172421,VDW
53,49,-0.23279674,VDW
53,50,-0.1228656,VDW
53,50,-0.1100105,VDW
53,50,0.022511104,VDW
53,50,-0.21773477,VDW
53,50,-0.089001745,VDW
53,50,-0.16552694,VDW
53,50,-0.21750683,VDW
53,50,-0.12642702,VDW
53,50,-0.22458005,VDW
53,50,-0.10455976,VDW
53,50,-0.10186302,VDW
53,50,-0.19311775,VDW
53,50,2.94606,VDW
53,50,-0.21630417,VDW
53,50,-0.09628945,VDW
53,50,-0.10704323,VDW
53,50,-0.11156867,VDW
53,50,-0.23793189,VDW
53,50,-0.14123319,VDW
53,50,-0.11440474,VDW
53,50,-0.13309325,VDW
53,50,-0.17925037,VDW
53,50,-0.0880153,VDW
53,50,-0.21642101,VDW
53,50,-0.095892146,VDW
53,50,-0.23799047,VDW
53,50,-0.11599691,VDW
53,50,-0.08844412,VDW
53,50,-0.2309588,VDW
53,50,-0.17490321,VDW
53,50,-5.431699,Salt bridge
53,50,-0.22277518,VDW
53,50,-0.09749723,VDW
53,50,-0.22290482,VDW
53,50,-0.20212373,VDW
53,50,-3.9991431,H-bond
53,50,-0.13149807,VDW
53,50,-0.11896813,VDW
53,50,-0.2068165,VDW
53,50,-0.097144715,VDW
53,96,-0.10973371,VDW
53,96,-0.3464165,Pi-cation
53,96,-0.08689247,VDW
53,96,-0.17683241,VDW
54,80,-0.16819763,VDW
55,21,-0.089628644,VDW
55,25,-0.25398913,Pi-cation
55,25,-1.5709872,Pi-cation
55,25,-0.11501655,VDW
55,25,-0.19732682,VDW
55,25,-0.22442639,VDW
55,25,-2.5542686,Pi-cation
55,25,-0.22639336,VDW
55,25,-0.10656456,VDW
55,25,-0.14151047,VDW
55,25,-0.22808845,VDW
55,25,-0.21442865,VDW
55,25,-0.11679313,VDW
55,25,-0.1571494,VDW
55,25,-0.17446846,VDW
55,25,-2.9881492,Pi-cation
55,25,-0.2379992,VDW
55,25,-0.13969976,VDW
55,25,-0.23058844,VDW
55,25,-0.22652765,VDW
55,25,0.59083027,VDW
55,25,-0.1521321,VDW
55,25,-1.8830177,Pi-cation
55,25,-0.22364534,VDW
55,25,-0.1542469,VDW
55,25,-0.21572292,VDW
55,25,-0.227356,VDW
55,25,-0.1668576,VDW
55,25,-0.15427792,VDW
55,25,-0.1571886,VDW
55,25,-0.17191374,VDW
55,25,-2.8877583,Pi-cation
55,25,-0.23696512,VDW
55,25,-0.218953,VDW
55,25,2.0379968,VDW
55,25,-0.19981778,VDW
55,25,-0.23596393,VDW
55,25,-0.2287202,VDW
55,25,-0.08984892,VDW
55,25,-0.1435814,VDW
55,25,-2.1854606,Pi-cation
55,25,-0.23611932,VDW
55,25,-0.2301445,VDW
55,25,1.4637628,VDW
55,25,-0.22488394,VDW
55,25,-0.15909994,VDW
55,25,-0.09801177,VDW
55,25,-0.08638112,VDW
55,25,-0.21180244,VDW
56,48,-0.09298982,VDW
56,48,-0.13774523,VDW
56,156,-0.15308696,VDW
56,156,-0.1039622,VDW
56,156,-0.14075649,VDW
56,156,-0.08628622,VDW
56,156,-0.23739095,VDW
56,156,-0.15383008,VDW
56,156,-0.08735946,VDW
56,156,-0.12709329,VDW
56,156,-0.19133893,VDW
56,156,-0.16450384,VDW
56,156,-0.23553143,VDW
56,156,-0.21431857,VDW
56,156,-4.271194,H-bond
56,156,-0.1012698,VDW
56,156,-0.15980726,VDW
56,157,-0.10081118,VDW
56,158,-0.11696269,VDW
56,158,-0.10799861,VDW
56,158,-0.110256836,VDW
56,158,-0.22393617,VDW
56,158,-0.1853497,VDW
56,158,-0.1818312,VDW
56,158,-0.18958181,VDW
56,158,-0.17348598,VDW
56,158,-0.23585853,VDW
56,158,-0.22875303,VDW
56,158,-0.09792145,VDW
56,158,-0.09946042,VDW
56,158,-0.23273255,VDW
56,158,-0.2335107,VDW
56,158,-5.2468596,H-bond
56,158,-0.12874974,VDW
56,158,-0.10648699,VDW
56,158,-0.09934726,VDW
57,25,-0.15898247,VDW
57,25,-0.1260175,VDW
57,25,-0.12663719,VDW
57,25,-0.12771213,VDW
57,25,-0.113982275,VDW
57,25,-0.08572921,VDW
57,25,-0.17112222,VDW
57,25,-0.22537951,VDW
57,25,-0.19150099,VDW
57,25,-0.19333656,VDW
57,25,-0.12995875,VDW
57,25,-0.10164525,VDW
58,65,-0.09927327,VDW
58,65,-0.08948624,VDW
58,65,-0.1009397,VDW
58,65,-0.12577552,VDW
58,65,-0.09420867,VDW
58,65,-0.12384642,VDW
58,65,-0.16230969,VDW
58,65,-0.19948936,VDW
58,65,-0.19254905,VDW
58,65,-0.21446037,VDW
58,65,-0.20922585,VDW
58,65,-0.21996245,VDW
58,65,-0.23759088,VDW
58,65,-0.11597054,VDW
58,65,-0.094959535,VDW
58,65,-0.2067861,VDW
58,65,0.35217804,VDW
58,65,0.24162638,VDW
58,65,-0.1251089,VDW
58,65,-0.09104725,VDW
58,65,-0.15969506,VDW
58,65,-5.1170893,H-bond
58,65,-6.5302305,H-bond
58,65,-0.20443752,VDW
58,65,-0.18892273,VDW
58,65,-0.21995221,VDW
58,65,-0.15497275,VDW
58,65,0.06361528,VDW
58,65,-0.17258176,VDW
58,65,-0.14404798,VDW
58,169,-0.21561998,Pi-cation
58,170,-0.23199368,Pi-cation
59,21,-0.084913105,VDW
59,25,-0.4509406,Pi-cation
59,25,-0.101185404,VDW
59,25,-0.10088724,VDW
59,25,-1.719351,Pi-cation
59,25,-0.18210572,VDW
59,25,-0.08332846,VDW
59,25,-0.21165389,VDW
59,25,-2.3256493,Pi-cation
59,25,-0.23378313,VDW
59,25,-0.15724728,VDW
59,25,-0.16584484,VDW
59,25,0.49656028,VDW
59,25,-0.22633931,VDW
59,25,-0.15831184,VDW
59,25,-0.12228098,VDW
59,25,-0.10077554,VDW
59,25,-2.9710758,Pi-cation
59,25,-0.06833708,VDW
59,25,-0.21707538,VDW
59,25,-0.19258088,VDW
59,25,-1.709755,H-bond
59,25,-0.021758001,VDW
59,25,-0.18633738,VDW
59,25,-0.16928715,VDW
59,25,-1.1380181,Pi-cation
59,25,-0.20156598,VDW
59,25,-0.16035494,VDW
59,25,-0.18788312,VDW
59,25,-0.21836509,VDW
59,25,-0.09041397,VDW
59,25,-0.20674978,VDW
59,25,-0.09232546,VDW
59,25,-2.5046027,Pi-cation
59,25,-0.233957,VDW
59,25,-0.23791385,VDW
59,25,3.7317371,VDW
59,25,-0.23195595,VDW
59,25,-0.19223753,VDW
59,25,-0.13263865,VDW
59,25,-0.100071706,VDW
59,25,-0.21778548,VDW
59,25,-1.2549129,Pi-cation
59,25,-0.20249997,VDW
59,25,-0.21841231,VDW
59,25,0.076789446,VDW
59,25,-0.21476817,VDW
59,25,-0.23592784,VDW
60,76,-0.19151314,VDW
60,80,-0.12001279,VDW
60,80,-0.106074244,VDW
60,80,-0.09911311,VDW
60,80,-0.08800546,VDW
60,80,-0.14720553,VDW
60,83,-0.12049158,VDW
60,83,-0.0940008,VDW
60,83,-0.14398967,VDW
60,83,-0.17928839,VDW
60,83,-0.11712496,VDW
60,83,-0.117517054,VDW
60,83,-0.09911709,VDW
60,83,-0.10386319,VDW
60,83,-0.13326183,VDW
60,83,-0.10638756,VDW
60,83,-0.1424766,VDW
60,83,-0.10185437,VDW
60,83,-0.12703848,VDW
60,83,-0.2271273,VDW
60,83,-0.18349634,VDW
60,83,0.63432866,VDW
60,83,-0.14552152,VDW
60,83,-0.10270448,VDW
60,83,-0.12218261,VDW
60,83,0.24555928,VDW
60,83,-0.09555804,VDW
60,83,-0.16468528,VDW
60,83,-0.22451702,VDW
60,83,-0.10120791,VDW
60,83,-0.2324731,VDW
61,97,-0.1691848,VDW
61,97,-0.15705703,VDW
61,97,-0.11947573,VDW
61,97,0.09386655,VDW
61,97,-0.09822067,VDW
61,97,-0.12686007,VDW
61,97,-0.09320883,VDW
61,97,-0.21408537,VDW
61,97,-0.10503589,VDW
61,97,-0.12381632,VDW
61,97,-0.23748548,VDW
61,97,-0.23799998,VDW
61,97,-4.9824786,H-bond
61,97,-0.15055127,VDW
62,28,-0.16691001,VDW
62,28,-0.17291047,VDW
62,28,-3.8096876,H-bond
62,28,-0.11424698,VDW
62,30,-0.09109727,VDW
62,30,-0.08640203,VDW
62,30,-0.1123024,VDW
62,30,-0.18790013,VDW
62,30,-0.22982958,VDW
63,156,-0.18395789,VDW
63,156,-0.21598703,VDW
63,156,-0.19254936,VDW
63,156,-0.23795606,VDW
63,156,-0.19644277,VDW
63,156,-0.23799989,VDW
63,156,-0.23789087,VDW
63,156,-0.19287819,VDW
64,156,-0.09059416,VDW
64,156,-0.15316886,VDW
64,156,-0.16075817,VDW
64,156,-0.12165366,VDW
64,156,-0.16041599,VDW
64,156,-0.21798195,VDW
64,156,-0.23378298,VDW
64,156,-0.14159858,VDW
64,156,-0.14490668,VDW
64,156,-0.23137087,VDW
64,156,-0.16306828,VDW
64,156,-0.17467704,VDW
64,156,-0.12030562,VDW
64,156,-0.1273181,VDW
64,156,-0.18084317,VDW
64,156,-0.1202692,VDW
64,156,-0.11298281,VDW
64,156,-0.17953816,VDW
64,156,-0.17346644,VDW
64,156,0.30161017,VDW
64,156,-0.13372108,VDW
64,156,-0.1762857,VDW
64,156,0.32153478,VDW
64,156,10.0,VDW
64,156,-0.08997734,VDW
64,156,-0.09380767,VDW
64,156,-0.14464071,VDW
64,156,-0.21301599,VDW
64,156,-0.12718995,VDW
64,156,-0.093413986,VDW
64,156,-0.1737351,VDW
64,156,1.3070146,VDW
64,156,-0.14922073,VDW
64,156,-0.23693816,VDW
64,156,-0.19288944,VDW
64,156,-0.18377472,VDW
64,156,-0.23133601,VDW
64,156,-0.12516354,VDW
64,156,0.024195027,VDW
64,156,-0.14310388,VDW
64,156,-0.1305518,VDW
64,156,4.035877,VDW
64,156,-0.13724887,VDW
64,156,-0.104654804,VDW
64,156,-0.1267604,VDW
64,156,-0.20900294,VDW
64,156,-0.23767756,VDW
64,156,-0.21701573,VDW
64,156,-0.14785743,VDW
64,156,-0.1143079,VDW
64,156,-0.15787017,VDW
64,156,-0.2346485,VDW
64,156,-0.23301247,VDW
64,157,-0.08725484,VDW
64,157,-0.19925754,VDW
64,157,-0.1079287,VDW
64,157,-0.20546162,VDW
64,157,-0.09162276,VDW
64,157,-0.11820966,VDW
64,157,-0.22267696,VDW
64,157,-0.16221341,VDW
64,157,-0.2249196,VDW
64,157,-0.1928727,VDW
64,157,-6.006376,H-bond
64,157,-0.10087643,VDW
64,157,-0.14940462,VDW
65,158,-0.09510233,VDW
65,158,-0.095988095,VDW
65,158,-0.11076564,VDW
65,158,-0.15277752,VDW
65,158,-0.13432606,VDW
66,129,-0.10643926,VDW
66,129,-0.12007531,VDW
66,129,-0.09585928,VDW
66,129,-0.17124708,VDW
66,129,-0.100151,VDW
66,129,-0.09248362,VDW
66,129,-0.23541582,VDW
66,129,-0.09999311,VDW
66,129,-0.12659028,VDW
66,129,-0.19383463,VDW
66,135,-0.16974388,VDW
66,136,-0.09927898,VDW
66,154,-0.14584291,VDW
66,154,-0.09020115,VDW
66,154,-0.10100189,VDW
66,154,-0.15838884,VDW
66,154,-0.19386138,VDW
66,154,-0.094297335,VDW
66,154,-0.21292448,VDW
66,154,-0.13230464,VDW
66,155,-0.11915313,VDW
66,155,-0.09745541,VDW
66,155,-0.22524253,VDW
66,155,-0.16676624,VDW
66,155,-0.12340931,VDW
66,155,-0.13008082,VDW
66,155,-0.16827823,VDW
66,155,-0.14216946,VDW
66,155,-0.089005806,VDW
66,155,-0.20669714,VDW
66,155,-0.13177435,VDW
66,155,-0.08553032,VDW
66,155,-0.18016197,VDW
66,155,-0.16269055,VDW
66,155,-0.14252385,VDW
66,155,-0.1555449,VDW
66,155,-0.20323804,VDW
66,155,-0.2285298,VDW
66,155,-0.12018931,VDW
66,156,-0.19910444,VDW
66,156,-0.15329824,VDW
66,156,0.4385405,VDW
66,156,-0.23799114,VDW
66,156,-0.12546307,VDW
66,156,-0.085824706,VDW
66,156,-0.23255341,VDW
66,156,-0.15173669,VDW
66,156,-0.15588164,VDW
66,156,-0.09312516,VDW
66,156,-0.23561932,VDW
66,156,-0.19391912,VDW
66,156,-0.11898313,VDW
66,156,0.60082144,VDW
66,156,-0.23797816,VDW
66,156,-0.23723096,VDW
66,156,-0.20782417,VDW
66,156,-0.11852092,VDW
66,156,-0.105409354,VDW
66,156,-0.12536012,VDW
66,156,1.8596513,VDW
66,156,-0.23300599,VDW
66,156,-0.09551681,VDW
66,156,-0.08715268,VDW
66,156,-0.20398827,VDW
66,156,-0.23593108,VDW
66,156,-0.16529033,VDW
66,156,-0.114931785,VDW
66,156,-0.13142475,VDW
66,156,-0.14690042,VDW
66,156,-0.19616865,VDW
66,156,-0.13263743,VDW
66,156,-0.20807141,VDW
66,157,-0.14234982,VDW
66,157,-0.17901948,VDW
66,157,-0.095557526,VDW
66,157,-0.08597609,VDW
66,157,-0.11448725,VDW
66,157,-0.17496121,VDW
66,157,-5.145471,Salt bridge
66,157,-0.2323698,VDW
66,157,-0.09409982,VDW
66,157,-0.097987264,VDW
66,157,-0.122270815,VDW
66,157,-1.385437,H-bond
66,157,-0.10305239,VDW
67,25,-0.26812226,Pi-cation
67,25,-0.0852785,VDW
67,25,-0.43123442,Pi-cation
67,25,-0.12429364,VDW
67,25,-0.7929913,Pi-cation
67,25,-0.11655724,VDW
67,25,-0.15450814,VDW
67,25,-1.3334017,Pi-cation
67,25,-0.23778427,VDW
67,25,-1.7935672,Pi-cation
67,25,-0.08927224,VDW
67,25,-0.17384167,VDW
67,25,-0.21625179,VDW
67,31,-0.19074538,VDW
67,31,-0.10613212,VDW
68,12,-0.15671937,VDW
68,12,-0.1116743,VDW
68,12,-0.2026121,VDW
68,12,-0.23176569,VDW
68,12,0.023129381,VDW
68,12,-0.20203325,VDW
68,12,-0.103978164,VDW
68,12,-0.2076396,VDW
68,12,-2.577634,H-bond
68,12,-0.23745272,VDW
68,12,-0.1801211,VDW
68,12,-0.23216489,VDW
68,12,1.665902,VDW
68,12,-0.11861283,VDW
68,12,-0.04851523,VDW
68,12,-0.23764226,VDW
68,12,-4.459415,H-bond
68,12,-4.325866,H-bond
68,12,-0.13591948,VDW
68,12,-0.1155281,VDW
68,12,-0.12898645,VDW
68,12,-0.23402642,VDW
68,124,-0.09389321,VDW
68,124,-0.14982879,VDW
68,124,-0.17990117,VDW
68,124,-0.030426782,VDW
68,124,-0.20338282,VDW
68,124,-0.08640737,VDW
68,124,-0.13931656,VDW
68,124,-0.1704604,VDW
68,124,-0.23781449,VDW
68,124,0.08794649,VDW
68,124,1.1871958,VDW
68,124,-0.12166447,VDW
68,124,-0.11820027,VDW
68,124,-0.10179762,VDW
68,124,-0.19052257,VDW
69,146,-0.086101115,VDW
69,146,-0.18265733,VDW
69,146,-0.12211659,VDW
69,146,-0.14316282,VDW
69,146,-0.14961566,VDW
69,146,-0.12962998,VDW
69,148,-0.11622079,VDW
70,146,-0.11874405,VDW
70,146,-0.1515754,VDW
71,145,-0.105819695,VDW
72,33,-0.10147499,VDW
73,35,-0.14318325,VDW
73,35,-0.13611692,VDW
74,31,-0.14131111,VDW
74,31,-0.12632114,VDW
74,31,-0.15153114,VDW
74,31,-0.13070993,VDW
74,31,-0.2169442,VDW
74,31,-0.119713254,VDW
74,31,-0.11235172,VDW
74,31,-0.22891483,VDW
74,31,-0.23712817,VDW
74,31,-0.13059151,VDW
74,31,-0.09116123,VDW
74,31,-0.11582477,VDW
74,31,-0.09561678,VDW
74,31,-0.10781101,VDW
74,31,-0.12482666,VDW
74,31,-0.22634384,VDW
74,31,-0.17967182,VDW
74,31,-0.12527505,VDW
74,35,-0.1373337,VDW
74,35,-0.1683329,VDW
75,16,-0.15144376,VDW
75,16,-0.14013535,VDW
75,16,-0.14892364,VDW
75,16,-0.2104523,VDW
75,17,-0.12327338,VDW
75,17,-0.2032179,VDW
75,17,-0.09856392,VDW
75,17,-0.2378781,VDW
75,17,-0.17301083,VDW
75,18,-0.13848996,VDW
75,18,-0.1369613,VDW
75,18,-0.12090371,VDW
75,18,-0.18911327,VDW
75,18,-0.09463721,VDW
75,18,-0.11497295,VDW
75,18,-0.19914989,VDW
75,18,-0.1681873,VDW
75,18,-0.22752362,VDW
75,18,-0.17499782,VDW
75,18,-0.18796916,VDW
75,18,-0.17906517,VDW
75,18,-0.15286352,VDW
75,18,-0.11578876,VDW
75,18,-0.20531555,VDW
75,18,0.22214629,VDW
75,18,-0.110075295,VDW
75,18,-0.15543531,VDW
75,18,-0.23796377,VDW
75,18,-4.8286195,H-bond
75,18,-4.684277,H-bond
75,26,-0.10805348,VDW
76,25,-0.20688067,VDW
76,25,-0.16861041,VDW
76,25,-0.13238364,VDW
76,25,-0.17064282,VDW
77,156,-0.09435243,VDW
77,156,-0.09875729,VDW
77,156,-0.23076919,VDW
77,156,-0.113160826,VDW
77,156,-0.11469221,VDW
77,156,-0.22506627,VDW
77,156,-0.10448046,VDW
77,156,-0.11999264,VDW
77,156,-0.15413111,VDW
77,156,-0.16859823,VDW
77,156,-0.22900529,VDW
77,156,-0.21423542,VDW
77,156,-0.20333476,VDW
77,156,-0.22289738,VDW
77,156,-0.12489934,VDW
77,156,-0.23487957,VDW
78,129,-0.0880871,VDW
78,129,-0.15012288,VDW
78,129,-0.2246644,VDW
78,129,-0.16721332,VDW
78,129,-0.17181301,VDW
78,129,-0.10173183,VDW
78,129,-0.21684621,VDW
78,129,-0.09952198,VDW
78,129,-0.09058538,VDW
78,129,-0.10497503,VDW
78,129,-0.10993129,VDW
78,129,-0.20671432,VDW
78,129,-0.166243,VDW
78,129,0.9566864,VDW
78,129,-0.15755779,VDW
78,129,-0.17022398,VDW
78,151,-0.19836634,VDW
78,151,-0.22910129,VDW
78,152,-0.08485097,VDW
78,152,-0.098436825,VDW
78,157,-0.08495831,VDW
78,157,-0.12122092,VDW
78,157,-0.19257838,VDW
78,157,-0.21882018,VDW
78,157,-0.15752526,VDW
78,157,-0.09523531,VDW
78,157,-0.14471968,VDW
78,157,-0.2198874,VDW
78,157,-0.20364824,VDW
78,157,-0.10984056,VDW
78,157,-0.16842787,VDW
78,157,-0.21801735,VDW
78,157,0.06556987,VDW
78,157,3.514405,VDW
78,157,0.15479343,VDW
78,157,-0.21807556,VDW
78,157,-0.0852522,VDW
78,157,-5.6768723,Salt bridge
78,157,-1.6555719,H-bond
78,157,-0.11350906,VDW
78,157,-6.851717,H-bond
78,157,-0.20408995,VDW
78,157,-0.10407818,VDW
78,157,-0.1197136,VDW
78,157,-0.1760732,VDW
78,157,-0.14182462,VDW
78,157,-4.495225,Salt bridge
78,157,-0.23789188,VDW
78,157,-0.093311116,VDW
78,157,-0.1211164,VDW
79,88,-0.16318299,VDW
79,88,-0.13509853,VDW
79,88,-0.15422976,VDW
79,88,-0.09508546,VDW
79,88,-4.491495,Salt bridge
79,88,-0.16051415,VDW
79,88,-0.21926121,VDW
79,88,-1.2177461,H-bond
80,76,-0.15021127,VDW
80,76,-0.105100155,VDW
80,76,-0.1378042,VDW
80,76,-0.11439412,VDW
80,76,-0.13939092,VDW
80,76,-0.23669602,VDW
80,76,-0.11679154,VDW
80,76,-0.1873554,VDW
80,76,-0.1493049,VDW
80,76,-0.08715155,VDW
80,76,-0.20187627,VDW
80,76,-0.09844071,VDW
80,76,-1.1891378,H-bond
80,76,-4.891647,H-bond
80,80,-0.09526094,VDW
80,80,-0.112631455,VDW
80,80,-0.21104217,VDW
80,80,-0.087166905,VDW
80,80,-0.20513251,VDW
80,80,-0.1821177,VDW
80,80,-0.15946381,VDW
80,80,-0.15007758,VDW
80,80,-0.14204675,VDW
80,80,-0.23774736,VDW
80,80,-0.23301828,VDW
80,80,-0.1354479,VDW
80,80,-0.23652795,VDW
80,80,-0.10974723,VDW
81,16,-0.20249881,VDW
81,16,-0.15828343,VDW
81,16,-0.117558494,VDW
81,16,-0.123245165,VDW
81,16,-0.23797141,VDW
81,16,-0.23205549,VDW
81,16,-3.8244202,Salt bridge
81,16,-0.090215825,VDW
81,16,-0.16349362,VDW
81,16,-0.23474036,VDW
81,16,-3.4784849,Salt bridge
81,16,-0.14290878,VDW
81,16,-0.17985232,VDW
81,16,-0.17301664,VDW
82,48,-0.12600532,VDW
82,48,-0.15782027,VDW
82,48,-0.22664501,VDW
82,48,-0.101357125,VDW
82,48,-0.089448206,VDW
82,48,-0.1945816,VDW
82,48,-0.2054512,VDW
82,48,-4.2526608,H-bond
82,48,-0.18207224,VDW
82,156,-0.0890472,VDW
82,156,-0.17000915,VDW
82,156,-0.22180201,VDW
82,156,0.02225916,VDW
82,156,-0.102428384,VDW
82,156,-0.16387993,VDW
83,99,-0.11961395,VDW
83,99,-0.10226872,VDW
83,99,-0.10862479,VDW
83,99,-0.18802607,VDW
83,99,-0.23797323,VDW
83,99,-0.09545713,VDW
83,99,-0.18300657,VDW
83,99,-0.109367825,VDW
83,99,-0.11511955,VDW
83,99,-0.11313691,VDW
83,99,-0.22664545,VDW
83,99,-0.11241275,VDW
83,99,-0.09385441,VDW
83,99,-0.19464935,VDW
83,99,-0.22823794,VDW
83,99,-0.11291118,VDW
83,99,-0.12330081,VDW
83,99,-0.059851643,VDW
83,99,-4.4108133,H-bond
83,99,-0.18975002,VDW
84,80,-0.086028494,VDW
84,80,-0.18794735,VDW
84,80,-0.09710307,VDW
84,80,-0.10149286,VDW
84,80,-0.2375724,VDW
84,80,2.6458583,VDW
84,80,-0.23373218,VDW
84,80,-0.1476307,VDW
84,80,-0.14870398,VDW
84,80,0.09191321,VDW
84,80,-4.9048247,H-bond
84,80,-4.93866,H-bond
84,80,-0.2291648,VDW
85,99,-0.09511148,VDW
85,99,-0.08697226,VDW
85,99,-0.100025855,VDW
86,156,-0.09569771,VDW
86,156,-0.1816703,VDW
86,156,-0.1649712,VDW
86,156,-0.10172347,VDW
86,156,-0.2357225,VDW
86,156,-0.23783922,VDW
87,25,-0.31457675,Pi-cation
87,25,-0.09653025,VDW
87,25,-0.19944662,Pi-cation
87,25,-1.93057,Pi-cation
87,25,-0.15020293,VDW
87,25,-0.20562272,VDW
87,25,-1.7076906,Pi-cation
87,25,-0.11191983,VDW
87,25,-0.23405519,VDW
87,25,-0.2352018,VDW
87,26,-0.086498246,VDW
87,31,-0.10744962,VDW
87,31,-0.09048572,VDW
87,31,-0.09161229,VDW
87,31,-0.10397884,VDW
87,31,-0.11160923,VDW
88,18,-0.1965467,VDW
88,18,-0.20848943,VDW
88,18,-0.14435878,VDW
88,18,-0.1905001,VDW
88,26,-0.19119239,VDW
88,26,-0.21367174,VDW
88,26,-0.13498925,VDW
89,61,-0.20832634,VDW
89,61,-0.11306616,VDW
89,61,-0.099917375,VDW
89,61,-0.13448392,VDW
89,61,-0.195886,VDW
89,61,0.6793355,VDW
89,61,-0.23520167,VDW
89,61,-0.23766886,VDW
89,61,0.022568414,VDW
89,61,-0.14472577,VDW
89,61,-1.6254833,H-bond
89,61,-0.14118248,VDW
89,61,-0.10216152,VDW
89,61,-3.9678347,H-bond
89,61,-3.6930509,H-bond
89,61,-0.1231366,VDW
89,61,-0.22056839,VDW
89,62,-0.11881469,VDW
89,62,-0.23274635,VDW
89,62,-0.13296048,VDW
89,62,-0.1533584,VDW
89,62,-0.10838718,VDW
89,62,-0.13371906,VDW
89,62,-0.22545844,VDW
89,62,-0.14873712,VDW
89,62,-0.12175089,VDW
89,62,-0.12566319,VDW
89,62,-0.09179738,VDW
89,62,-0.124475904,VDW
89,62,-0.11185153,VDW
89,62,-0.12673526,VDW
89,62,-0.08598858,VDW
89,62,-0.13607132,VDW
89,62,-0.23789293,VDW
89,62,-0.14020634,VDW
89,62,-0.20871255,VDW
89,65,-0.14652185,VDW
89,65,-0.085826546,VDW
89,65,-0.16360137,VDW
89,65,-0.15228496,VDW
89,65,-0.08824998,VDW
89,65,-0.22963157,VDW
89,65,-0.23380993,VDW
89,65,-0.093047485,VDW
89,65,-0.13217786,VDW
89,65,-0.19615674,VDW
89,65,-0.13518924,VDW
89,65,-0.16052853,VDW
89,65,-0.20600496,VDW
89,65,-0.2153722,VDW
89,65,-0.1569853,VDW
89,65,-0.1175918,VDW
89,65,-0.16835348,VDW
89,65,-0.21750683,VDW
89,65,-4.6118693,H-bond
89,65,-2.21062,H-bond
89,65,-0.119520396,VDW
89,65,-0.19301309,VDW
89,65,-0.060296964,VDW
89,65,-0.23680739,VDW
89,65,-0.109960385,VDW
89,65,-3.9017751,Salt bridge
89,65,-0.09635526,VDW
89,65,-0.0019973188,VDW
89,65,-0.093367375,VDW
89,65,-5.279649,H-bond
89,65,-0.22932969,VDW
89,65,-0.09035007,VDW
90,35,-1.061121,Pi-cation
90,35,-0.16879463,VDW
90,35,-0.18119474,VDW
90,35,-0.23211403,Pi-cation
90,35,-0.094376884,VDW
90,35,-1.4201823,Pi-cation
90,35,-0.113779336,VDW
90,35,-0.23663868,VDW
91,111,-0.122908674,VDW
91,112,-0.09824905,VDW
91,112,-0.1846387,VDW
91,112,-0.19938503,VDW
91,112,-0.20920286,VDW
91,112,-0.23258245,VDW
91,112,0.087799065,VDW
91,112,-0.13576967,VDW
91,112,-6.9060144,H-bond
91,112,-0.1510484,VDW
91,112,-0.08640821,VDW
92,20,-0.13649559,VDW
92,20,-0.1820362,VDW
92,20,-0.117794216,VDW
92,20,-0.1295068,VDW
92,20,-2.2169275,H-bond
93,164,-0.13213079,VDW
94,48,-0.08691926,VDW
95,164,-0.18263699,VDW
95,164,-0.22383825,VDW
95,164,-0.13817386,VDW
95,164,-0.23636153,VDW
95,164,-2.345371,H-bond
96,80,-0.11411495,VDW
96,80,-0.15657192,VDW
96,80,-0.11759097,VDW
96,80,-0.1114371,VDW
96,80,-0.23474766,VDW
96,80,-0.18021894,VDW
97,83,-0.13795921,VDW
97,83,-0.10174149,VDW
98,90,-0.09094666,VDW
99,164,-0.11362783,VDW
99,164,-0.09294563,VDW
99,164,-0.18515629,VDW
99,164,-0.17118046,VDW
99,164,-0.23064741,VDW
99,164,-0.23796257,VDW
99,164,-0.20382145,VDW
99,164,-0.22972865,VDW
99,164,-0.09449983,VDW
99,164,-0.180068,VDW
99,164,-1.274225,H-bond
99,164,-4.358653,H-bond
99,164,-0.23638296,VDW
100,158,-0.10643313,VDW
100,158,-0.11376454,VDW
100,158,-0.12166154,VDW
100,158,-0.13695669,VDW
101,30,-0.124662,VDW
101,30,-0.14358042,VDW
101,30,-3.6596625,Salt bridge
101,30,-0.195945,VDW
101,30,-0.08696427,VDW
101,30,-0.132588,VDW
101,30,-0.092498474,VDW
101,30,-0.110387035,VDW
101,30,-0.09879282,VDW
101,33,-0.12170237,VDW
101,33,-0.11419112,VDW
101,33,-0.105348445,VDW
101,33,-0.08679909,VDW
101,33,-0.22200029,VDW
101,33,-0.08949623,VDW
101,33,-0.16446427,VDW
101,33,-0.2283098,VDW
101,33,-0.13807099,VDW
101,33,-0.23797822,VDW
101,33,-0.17015983,VDW
101,33,-0.23682648,VDW
101,33,-4.888569,H-bond
102,7,-0.11962797,VDW
102,7,-0.106064156,VDW
102,7,-0.18037048,VDW
102,7,-0.22445518,VDW
102,7,-0.1859557,VDW
102,7,-0.21968411,VDW
102,7,-0.17731713,VDW
102,7,-0.21176063,VDW
102,7,-0.2143021,VDW
102,7,-0.13808441,VDW
102,7,-5.13768,Salt bridge
102,7,0.8227553,VDW
102,7,0.77684814,VDW
102,7,-0.090899676,VDW
102,7,0.66624856,VDW
102,7,-0.11496665,VDW
102,7,-5.5103893,H-bond
102,7,-7.4820814,H-bond
102,7,-5.7764463,H-bond
102,7,-0.121375486,VDW
102,7,-0.21063954,VDW
102,7,-0.13257115,VDW
102,7,-0.09963227,VDW
102,7,-0.23744105,VDW
102,7,-1.4309306,H-bond
102,8,-0.13254985,VDW
102,8,-0.09860629,VDW
102,8,-0.48974246,Pi-cation
102,8,-0.17990653,VDW
102,8,-0.13289519,VDW
102,8,0.47860092,VDW
102,8,-0.23798692,VDW
102,8,-0.09100506,VDW
102,8,-0.65578234,Pi-cation
102,8,-0.22366552,VDW
102,8,-0.22060405,VDW
102,8,1.0514902,VDW
102,8,-0.1067339,VDW
102,8,0.91889215,VDW
102,8,-0.08673939,VDW
102,8,-0.15083425,VDW
102,8,-0.22859891,VDW
102,8,-0.16070347,VDW
102,9,-0.15025729,VDW
102,9,-0.18917254,VDW
102,9,-0.16362604,VDW
102,9,-0.12612976,VDW
102,9,-0.1379265,VDW
102,9,-0.13312985,VDW
102,9,-0.1715653,VDW
102,9,-0.13738164,VDW
102,9,-0.17336927,VDW
102,118,-0.108773395,VDW
103,158,-0.103550024,VDW
103,158,-0.1096758,VDW
103,158,-0.18376043,VDW
103,158,-0.19231284,VDW
103,158,-0.11727664,VDW
103,158,-0.21264465,VDW
103,158,-0.18811779,VDW
103,158,-0.12647021,VDW
103,158,-0.09138132,VDW
103,158,-0.21734661,VDW
103,158,-0.1826915,VDW
104,111,-0.120709576,VDW
104,111,-0.16598777,VDW
104,112,-0.097447515,VDW
104,112,-0.09524943,VDW
104,112,-0.22927184,VDW
104,118,-0.087333545,VDW
105,20,-0.19580033,VDW
106,23,-0.09663894,VDW
106,23,-0.1860897,VDW
106,23,-0.08927581,VDW
106,23,-0.087439045,VDW
106,23,-0.17046706,VDW
106,23,-0.17934555,VDW
106,23,-1.4675786,H-bond
106,90,-0.11302069,VDW
