protein_atom_id,protein_residue_id,residue_name,atom_name,bond_type,bond_energy,vector_x,vector_y,vector_z,distance
167,21,ASP,CB,Van der Waals,-0.16406077,-2.891749,-2.2352343,-2.3984985,4.371645
168,21,ASP,CG,Van der Waals,-0.12648778,-2.2651348,-1.8824654,-3.5664983,4.6254106
168,21,ASP,CG,Van der Waals,-0.13037619,-3.325197,-1.790267,-2.6204982,4.596629
168,21,ASP,CG,Van der Waals,-0.21970862,-3.3107486,-0.78323364,-2.1574988,4.028562
168,21,ASP,CG,Van der Waals,-0.14810613,-3.1911535,-2.5511723,-1.8224987,4.4736385
170,21,ASP,OD2,Van der Waals,-0.15232345,-1.3064499,-2.3505678,-3.5404985,4.4460216
170,21,ASP,OD2,Van der Waals,-0.014175238,-1.5831351,-1.2124653,-2.7644985,3.408642
170,21,ASP,OD2,Van der Waals,0.0028727027,-2.6431973,-1.1202669,-1.8184984,3.3982975
170,21,ASP,OD2,Van der Waals,-0.1147187,0.7655258,-0.8674412,-4.5734987,4.7175603
170,21,ASP,OD2,Van der Waals,-0.14630619,-3.6209908,-1.2653246,-2.3254988,4.485595
170,21,ASP,OD2,Hydrogen Bond,-6.7715797,-2.628749,-0.11323357,-1.3554988,2.9598176
170,21,ASP,OD2,Hydrogen Bond,-2.782424,-2.5091538,-1.8811722,-1.0204988,3.2978902
192,25,HIS,CA,Van der Waals,-0.13491583,-3.1234736,-0.034441948,-3.3274984,4.5639367
193,25,HIS,C,Van der Waals,-0.1650184,-3.1304736,-1.4234419,-2.6894984,4.365713
194,25,HIS,O,Van der Waals,-0.11827095,-2.507474,-2.3654413,-3.1784985,4.6888795
195,25,HIS,CB,Van der Waals,-0.21138373,-2.8094912,-0.7444296,-2.8694987,4.084292
195,25,HIS,CB,Van der Waals,-0.103865,-2.5078297,-1.8584881,-3.6604986,4.8106585
195,25,HIS,CB,Van der Waals,-0.15498775,-3.8874497,-0.78456783,-1.9714985,4.428839
195,25,HIS,CB,Van der Waals,-0.16809833,-4.164135,0.3535347,-1.1954985,4.3467484
195,25,HIS,CB,Van der Waals,-0.18554473,-1.815474,0.6985588,-3.0044985,3.5792377
195,25,HIS,CB,Van der Waals,-0.08715838,-1.6511893,-1.8263016,-4.3224983,4.9745145
196,25,HIS,CG,Van der Waals,-0.14559421,-2.6894913,0.5875702,-3.5474987,4.490362
196,25,HIS,CG,Van der Waals,-0.086638846,-2.3878298,-0.5264883,-4.3384986,4.9801097
196,25,HIS,CG,Van der Waals,-0.12478895,-3.7674499,0.54743195,-2.6494985,4.6382327
196,25,HIS,CG,Van der Waals,-0.10905022,-4.044135,1.6855345,-1.8734984,4.7650867
196,25,HIS,CG,Van der Waals,-0.13916145,-1.6954741,2.0305586,-3.6824985,4.5341587
197,25,HIS,ND1,Van der Waals,-0.0904131,-1.772491,0.89057064,-4.524499,4.9402356
197,25,HIS,ND1,Van der Waals,-0.11808026,-2.8504496,0.8504324,-3.6264985,4.6903934
197,25,HIS,ND1,Van der Waals,-0.119985625,-3.1271348,1.9885349,-2.8504984,4.6753163
197,25,HIS,ND1,Van der Waals,-0.15890703,-4.0531535,1.319828,-1.1064987,4.4039
201,26,MET,N,Van der Waals,-0.15972918,-3.8164744,-1.553442,-1.5394983,4.3987174
202,26,MET,CA,Van der Waals,-0.10852354,-3.7804742,-2.8014412,-0.7804985,4.7696157
203,26,MET,C,Van der Waals,-0.23792946,-2.433474,-2.9534416,-0.06849861,3.827441
204,26,MET,O,Van der Waals,-0.110970765,-3.0364914,-3.5484304,0.85950136,4.748724
204,26,MET,O,Van der Waals,1.9910625,-2.0424743,-2.105442,0.7245016,3.0215046
209,27,VAL,N,Van der Waals,-0.15486859,-1.7484741,-4.0574417,-0.3184986,4.4296093
210,27,VAL,CA,Van der Waals,-0.15161991,-0.47047424,-4.416442,0.28550148,4.4505973
213,27,VAL,CB,Van der Waals,-0.09890117,0.57152605,-4.7554417,-0.80249834,4.856426
215,27,VAL,CG2,Van der Waals,-0.19448644,-1.5311351,-3.8974657,0.08250141,4.1882477
215,27,VAL,CG2,Van der Waals,-0.11475958,-2.5911973,-3.8052673,1.0285015,4.7172213
215,27,VAL,CG2,Van der Waals,-0.21900652,0.81752586,-3.5524416,-1.7264986,4.0334835
215,27,VAL,CG2,Van der Waals,-0.21113792,-2.5767488,-2.798234,1.4915011,4.085869
248,31,LYS,NZ,Van der Waals,-0.090751536,1.7460093,-4.4493246,1.2355013,4.93675
248,31,LYS,NZ,Van der Waals,-0.10281422,2.7382512,-3.2972336,2.2055013,4.8201666
192,25,HIS,CA,Pi-Cation,-0.7614716,0.22217846,-4.620139,-2.496992,5.2564263
192,25,HIS,CA,Van der Waals,-0.08491808,1.1351786,-4.42714,-2.024992,4.9988794
195,25,HIS,CB,Van der Waals,-0.09429699,-1.8518219,-4.4871387,-0.6749921,4.900946
195,25,HIS,CB,Van der Waals,-0.17740244,-0.83282185,-3.945139,-1.465992,4.29032
195,25,HIS,CB,Van der Waals,-0.118779846,0.47217846,-4.450138,-1.385992,4.6848326
195,25,HIS,CB,Pi-Cation,-1.5662112,1.5301781,-3.8871384,-2.1739922,4.709303
195,25,HIS,CB,Van der Waals,-0.111443564,2.4431782,-3.6941395,-1.701992,4.7447405
195,25,HIS,CB,Van der Waals,-0.23285562,-1.054822,-3.1171398,-2.1279922,3.9188724
196,25,HIS,CG,Van der Waals,-0.23753989,-1.731822,-3.155139,-1.352992,3.8450873
196,25,HIS,CG,Van der Waals,-0.078706354,-0.71282196,-2.6131392,-2.143992,3.4544628
196,25,HIS,CG,Van der Waals,-0.23742454,0.59217834,-3.1181383,-2.063992,3.7859643
196,25,HIS,CG,Van der Waals,-0.16230856,0.8791785,-4.1371393,-1.1479921,4.382552
196,25,HIS,CG,Van der Waals,-0.1171913,-0.13482141,-4.6821394,-0.3549919,4.6975126
196,25,HIS,CG,Van der Waals,-0.14946012,-1.4528217,-4.197139,-0.45499182,4.4647155
196,25,HIS,CG,Pi-Cation,-2.4579585,1.650178,-2.5551386,-2.8519921,4.169614
196,25,HIS,CG,Van der Waals,-0.18906216,2.563178,-2.3621397,-2.379992,4.2206573
196,25,HIS,CG,Van der Waals,-0.15195724,-3.359822,-2.5071402,-1.4879918,4.4484015
196,25,HIS,CG,Van der Waals,-0.07885803,-0.9348221,-1.78514,-2.8059921,3.4545925
197,25,HIS,ND1,Van der Waals,-0.23673859,-0.8148217,-2.8521385,-2.329992,3.7719347
197,25,HIS,ND1,Van der Waals,-0.2353248,0.20417833,-2.3101387,-3.120992,3.8883185
197,25,HIS,ND1,Van der Waals,-0.15790482,1.5091786,-2.8151379,-3.040992,4.410244
197,25,HIS,ND1,Van der Waals,-0.11232439,1.7961788,-3.8341389,-2.1249921,4.7373486
197,25,HIS,ND1,Van der Waals,-0.12408443,0.7821789,-4.379139,-1.3319919,4.643583
197,25,HIS,ND1,Van der Waals,-0.1952714,-0.53582144,-3.8941383,-1.4319918,4.1835413
197,25,HIS,ND1,Van der Waals,-0.11223147,-1.5838213,-4.417139,-0.65599203,4.7381363
197,25,HIS,ND1,Pi-Cation,-0.9201738,2.5671782,-2.2521381,-3.8289921,5.130664
197,25,HIS,ND1,Van der Waals,-0.2071369,-2.4428217,-2.2041397,-2.4649918,4.1111794
197,25,HIS,ND1,Van der Waals,-0.21465015,-0.017821789,-1.4821396,-3.7829921,4.0630145
198,25,HIS,CD2,Van der Waals,-0.01556557,-2.4838219,-2.0261383,-1.1619921,3.4095209
198,25,HIS,CD2,Van der Waals,4.976958,-1.4648218,-1.4841385,-1.952992,2.8570173
198,25,HIS,CD2,Van der Waals,9.364853,-0.15982151,-1.9891376,-1.872992,2.736843
198,25,HIS,CD2,Van der Waals,0.81897354,0.12717867,-3.0081387,-0.95699215,3.1592572
198,25,HIS,CD2,Van der Waals,-0.22023909,-0.88682127,-3.5531387,-0.16399193,3.6658068
198,25,HIS,CD2,Van der Waals,-0.2374791,-2.2048216,-3.0681381,-0.26399183,3.7874002
198,25,HIS,CD2,Van der Waals,-0.09723433,-3.2528214,-3.5911388,0.51200795,4.872297
198,25,HIS,CD2,Pi-Cation,-2.8408856,0.8981781,-1.4261379,-2.6609921,3.149837
198,25,HIS,CD2,Van der Waals,-0.16949435,0.82417774,-1.2191391,-4.080992,4.33821
198,25,HIS,CD2,Van der Waals,-0.09052943,1.6591778,-0.4521389,-4.629992,4.939041
198,25,HIS,CD2,Van der Waals,1.2496847,1.8111782,-1.233139,-2.188992,3.0972059
198,25,HIS,CD2,Van der Waals,-0.1402802,-4.111822,-1.3781395,-1.2969918,4.526427
198,25,HIS,CD2,Van der Waals,0.7009733,-1.6868219,-0.6561394,-2.6149921,3.1802628
198,25,HIS,CD2,Van der Waals,-0.22379719,1.1371784,-3.3901386,-0.86899185,3.679859
198,25,HIS,CD2,Van der Waals,-0.15541804,-0.6338215,-4.3491383,0.52300787,4.42609
199,25,HIS,CE1,Van der Waals,0.21810728,-1.0198221,-1.5851383,-2.7109919,3.3018446
199,25,HIS,CE1,Van der Waals,-0.21687484,-0.00082206726,-1.0431385,-3.5019917,3.6540506
199,25,HIS,CE1,Van der Waals,-0.22670661,1.3041782,-1.5481377,-3.4219918,3.9758823
199,25,HIS,CE1,Van der Waals,-0.2323268,1.5911784,-2.5671387,-2.505992,3.9245439
199,25,HIS,CE1,Van der Waals,-0.19567868,0.5771785,-3.1121387,-1.7129918,3.5990114
199,25,HIS,CE1,Van der Waals,0.29440272,-0.74082184,-2.6271381,-1.8129917,3.2768295
199,25,HIS,CE1,Van der Waals,-0.23650138,-1.7888217,-3.1501389,-1.036992,3.7681043
199,25,HIS,CE1,Van der Waals,-0.14200121,-1.6428213,-4.2041397,-0.090991855,4.5146356
199,25,HIS,CE1,Pi-Cation,-1.2137263,2.3621778,-0.98513794,-4.209992,4.926907
199,25,HIS,CE1,Van der Waals,-0.22381665,-2.6478221,-0.9371395,-2.8459916,3.9986072
199,25,HIS,CE1,Van der Waals,-0.19661172,-0.22282219,-0.21513939,-4.163992,4.1754956
199,25,HIS,CE1,Van der Waals,-0.1277077,2.6011782,-2.9491386,-2.4179916,4.6163006
199,25,HIS,CE1,Van der Waals,-0.20491575,0.83017826,-3.9081383,-1.025992,4.124973
199,25,HIS,CE1,Van der Waals,-0.21276674,-0.9308214,-3.9041386,0.707008,4.0753636
200,25,HIS,NE2,Van der Waals,1.8049232,-2.0198221,-1.0341396,-2.019992,3.0380082
200,25,HIS,NE2,Van der Waals,1.9600194,-1.0008221,-0.49213982,-2.810992,3.0241566
200,25,HIS,NE2,Van der Waals,3.4784296,0.30417824,-0.997139,-2.730992,2.9232051
200,25,HIS,NE2,Van der Waals,7.61751,0.5911784,-2.01614,-1.8149922,2.77642
200,25,HIS,NE2,Van der Waals,7.1043224,-0.42282152,-2.56114,-1.021992,2.7897463
200,25,HIS,NE2,Van der Waals,3.3044438,-1.7408218,-2.0761395,-1.1219919,2.9325213
200,25,HIS,NE2,Van der Waals,-0.23792355,-2.7888217,-2.5991402,-0.3459921,3.8278933
200,25,HIS,NE2,Van der Waals,-0.1370861,-2.6428213,-3.653141,0.600008,4.548621
200,25,HIS,NE2,Pi-Cation,-2.883652,1.3621778,-0.43413925,-3.5189922,3.79833
200,25,HIS,NE2,Van der Waals,-0.23797841,2.275178,-0.24114037,-3.046992,3.8103468
200,25,HIS,NE2,Van der Waals,-0.18340717,-3.6478221,-0.38614082,-2.1549919,4.2543745
200,25,HIS,NE2,Van der Waals,-0.22754948,-1.2228222,0.3358593,-3.4729922,3.6972651
200,25,HIS,NE2,Van der Waals,0.072829306,1.6011782,-2.39814,-1.7269919,3.361153
200,25,HIS,NE2,Van der Waals,0.039149694,-0.16982174,-3.3571396,-0.33499217,3.378083
200,25,HIS,NE2,Van der Waals,-0.2066647,-1.9308214,-3.3531399,1.3980079,4.1141276
599,76,ASN,ND2,Van der Waals,-0.14490552,1.495285,-0.4803512,4.2116756,4.494978
599,76,ASN,ND2,Van der Waals,-0.14466116,2.7663965,-2.1259801,2.8366756,4.496607
627,80,LYS,O,Van der Waals,-0.11336224,4.349285,-1.7543511,0.60567474,4.7287283
628,80,LYS,CB,Van der Waals,-0.23792645,1.9572849,-3.1723514,0.8696747,3.827677
629,80,LYS,CG,Van der Waals,-0.20211042,0.6652851,-3.8763514,1.299675,4.1422048
630,80,LYS,CD,Van der Waals,-0.1073053,0.5204458,-4.119887,2.3676758,4.7801905
630,80,LYS,CD,Van der Waals,-0.17244425,0.3169756,-4.2030993,0.9476757,4.3202553
630,80,LYS,CD,Van der Waals,-0.0866112,-0.48671532,-3.4033513,0.39867592,3.4610164
630,80,LYS,CD,Van der Waals,-0.17576241,0.28667927,-3.216465,2.839676,4.3001847
631,80,LYS,CE,Van der Waals,-0.1424607,-1.8047152,-4.0533514,0.8166752,4.511498
632,80,LYS,NZ,Van der Waals,-0.0958197,-2.128025,-4.3660994,0.5306759,4.8859935
632,80,LYS,NZ,Van der Waals,-0.085649736,0.39063644,-4.970709,-0.21932411,4.990856
632,80,LYS,NZ,Van der Waals,-0.1276508,-2.931716,-3.5663512,-0.018323898,4.6167254
632,80,LYS,NZ,Van der Waals,-0.11876875,-2.1583214,-3.3794649,2.422676,4.6849217
655,83,PRO,CB,Van der Waals,-0.10456079,4.246976,1.5749006,1.601675,4.804423
655,83,PRO,CB,Van der Waals,-0.17361474,3.443285,2.3746486,1.0526752,4.3131533
655,83,PRO,CB,Van der Waals,-0.087130375,3.7971973,-0.9588299,3.0676765,4.974807
655,83,PRO,CB,Van der Waals,-0.08813514,4.8354597,-0.42871475,1.0376759,4.9640946
655,83,PRO,CB,Van der Waals,-0.107176565,4.7143965,0.72901964,-0.32232475,4.781307
32,5,ARG,NE,Van der Waals,-0.08981632,4.295397,1.6060691,-1.8539658,4.946421
33,5,ARG,CZ,Van der Waals,-0.22914053,3.260397,0.811069,-2.0869656,3.9551797
34,5,ARG,NH1,Van der Waals,-0.17777911,3.423397,-0.3939309,-2.5519657,4.2880483
35,5,ARG,NH2,Van der Waals,-0.21748643,3.0620651,1.2648156,-2.318965,4.043958
35,5,ARG,NH2,Van der Waals,-0.17289883,3.250845,0.29451442,-2.8259668,4.3175015
35,5,ARG,NH2,Hydrogen Bond,-4.032606,2.055397,1.2340691,-1.8559656,3.0318627
35,5,ARG,NH2,Van der Waals,-0.16743353,3.8161907,1.432862,-1.5209665,4.3508325
1023,129,ILE,CG2,Van der Waals,-0.103304714,0.09354401,2.9449406,3.8091717,4.815726
1023,129,ILE,CG2,Van der Waals,-0.087048665,-0.59339213,3.9647865,2.9471712,4.9756875
1023,129,ILE,CG2,Van der Waals,-0.22952458,0.82230973,2.0763702,3.260172,3.9517372
1023,129,ILE,CG2,Van der Waals,-0.17937772,-0.29617095,3.8293152,1.8851714,4.2784624
1030,130,LEU,CG,Van der Waals,-0.21421893,-2.9086902,2.6863708,0.92417145,4.065853
1031,130,LEU,CD1,Van der Waals,-0.1746092,-2.9886901,3.0503712,-0.5608282,4.3071527
1032,130,LEU,CD2,Van der Waals,-0.10555497,-3.9954562,2.0849419,1.6391716,4.7955747
1032,130,LEU,CD2,Van der Waals,-0.21633916,-3.2666905,1.2163715,1.0901718,3.6523008
1021,129,ILE,CB,Van der Waals,-0.10506295,-0.6518247,2.5110111,4.0384893,4.7999425
1022,129,ILE,CG1,Van der Waals,-0.10989753,-3.5780168,2.2245235,2.2104897,4.757833
1023,129,ILE,CG2,Van der Waals,-0.12187888,-4.0513496,1.7808056,1.4614897,4.660542
1023,129,ILE,CG2,Van der Waals,-0.12605616,-2.3237987,3.1583786,2.4594898,4.6286592
1023,129,ILE,CG2,Van der Waals,-0.18277252,-2.9813287,1.9174099,2.35949,4.2581654
1023,129,ILE,CG2,Van der Waals,-0.19999227,-2.6037385,0.808691,3.1354895,4.1550846
1023,129,ILE,CG2,Van der Waals,-0.15369564,-1.5396793,0.81188774,4.0814896,4.437154
1023,129,ILE,CG2,Van der Waals,-0.104841106,-1.5010414,3.3022385,3.14649,4.801906
1023,129,ILE,CG2,Van der Waals,-0.23652986,-0.57882476,1.0440102,3.5744896,3.7685502
1023,129,ILE,CG2,Van der Waals,-0.107522205,-1.4637995,-0.19238663,4.54449,4.7782955
1024,129,ILE,CD1,Van der Waals,-0.16953817,-1.7043494,3.8048058,1.1984897,4.337941
1024,129,ILE,CD1,Van der Waals,-0.14280911,-0.6343287,3.94141,2.09649,4.5091414
1024,129,ILE,CD1,Van der Waals,-0.21771051,-0.25673848,2.8326912,2.8724895,4.0424314
1024,129,ILE,CD1,Van der Waals,-0.10234972,0.8073208,2.835888,3.8184896,4.8244057
1024,129,ILE,CD1,Van der Waals,-0.19221528,-2.5650165,2.2785225,1.0634899,3.5919333
1024,129,ILE,CD1,Van der Waals,-0.099775374,1.7681752,3.0680103,3.3114896,4.848205
1024,129,ILE,CD1,Van der Waals,-0.11202829,0.88320047,1.8316135,4.28149,4.739832
1030,130,LEU,CG,Van der Waals,-0.10737627,-4.309825,1.6540108,1.2384892,4.7795606
1031,130,LEU,CD1,Van der Waals,-0.1008988,-4.389825,2.018011,-0.2465105,4.837737
1032,130,LEU,CD2,Van der Waals,-0.09664084,-4.6678247,0.18401146,1.4044895,4.878016
170,21,ASP,OD2,Van der Waals,-0.1202486,-1.6112094,-4.3859825,-0.08023071,4.673251
186,23,ASP,OD2,Van der Waals,-0.12163408,-0.39820933,-1.912983,-4.2332306,4.6624365
196,25,HIS,CG,Van der Waals,-0.13559882,-3.4795115,-2.8845243,-0.5982306,4.5590963
196,25,HIS,CG,Van der Waals,-0.17350598,-1.1593804,-3.3867617,-2.4072304,4.3138237
196,25,HIS,CG,Van der Waals,-0.15783228,-4.0722094,-1.4879827,0.8107693,4.410706
197,25,HIS,ND1,Van der Waals,-0.22814661,-2.5625112,-2.581524,-1.5752306,3.9638467
197,25,HIS,ND1,Van der Waals,-0.19908316,-3.5225825,-2.1227264,-0.6292305,4.1605873
197,25,HIS,ND1,Van der Waals,-0.13198858,-0.24238014,-3.0837612,-3.3842304,4.584904
197,25,HIS,ND1,Van der Waals,0.046058457,-3.155209,-1.1849823,-0.16623068,3.3744867
197,25,HIS,ND1,Van der Waals,-0.12128253,-3.6644495,-2.8822117,0.16876936,4.6651707
198,25,HIS,CD2,Van der Waals,-0.13001357,-4.231511,-1.7555237,-0.40723062,4.599281
198,25,HIS,CD2,Van der Waals,-0.22735772,-1.9113803,-2.257761,-2.2162304,3.696287
198,25,HIS,CD2,Van der Waals,-0.09041939,-4.824209,-0.3589821,1.0017693,4.9401827
199,25,HIS,CE1,Van der Waals,-0.087818004,-1.8850446,-2.8184643,-3.6302304,4.967465
199,25,HIS,CE1,Van der Waals,-0.117270626,-2.9083703,-2.4772758,-2.7322302,4.696871
199,25,HIS,CE1,Van der Waals,-0.21063375,-2.7675116,-1.3145237,-1.9562305,3.635097
199,25,HIS,CE1,Van der Waals,-0.22908017,-3.727583,-0.85572624,-1.0102304,3.9557183
199,25,HIS,CE1,Van der Waals,-0.19177084,-0.44738054,-1.816761,-3.7652302,4.204489
199,25,HIS,CE1,Van der Waals,-0.08706753,-4.693997,-0.64796257,-1.5172306,4.975485
199,25,HIS,CE1,Van der Waals,-0.009036365,-3.3602095,0.0820179,-0.5472306,3.4054656
199,25,HIS,CE1,Van der Waals,-0.19278944,-3.8694499,-1.6152115,-0.21223056,4.1984034
200,25,HIS,NE2,Van der Waals,-0.116698064,-2.8850446,-2.2674656,-2.9392307,4.7014847
200,25,HIS,NE2,Van der Waals,-0.10374947,-3.9083703,-1.9262772,-2.0412304,4.811707
200,25,HIS,NE2,Van der Waals,-0.21704654,-3.7675116,-0.763525,-1.2652307,4.0469646
200,25,HIS,NE2,Van der Waals,-0.11103962,-4.727583,-0.30472755,-0.31923056,4.7481375
200,25,HIS,NE2,Van der Waals,-0.20726904,-1.4473805,-1.2657623,-3.0742304,3.6260111
200,25,HIS,NE2,Van der Waals,-0.15821736,-4.3602095,0.6330166,0.14376926,4.4082656
1007,127,LYS,O,Van der Waals,-0.09974378,0.10705209,4.8466997,-0.07744089,4.8485003
1008,127,LYS,CB,Van der Waals,-0.09811181,-1.976948,3.908701,2.1145592,4.8639107
1015,128,GLY,C,Van der Waals,-0.15518282,-1.4599478,3.2206993,-2.664441,4.427595
1016,128,GLY,O,Van der Waals,-0.23304565,-2.2309482,2.5007,-2.027441,3.9167776
1017,129,ILE,N,Van der Waals,-0.12766989,-0.6789479,2.7486992,-3.646441,4.6165843
1018,129,ILE,CA,Van der Waals,-0.085001804,-1.5698318,3.676754,-2.9994407,4.9979534
1018,129,ILE,CA,Van der Waals,-0.17095649,-0.39869523,3.6932507,-2.223441,4.3292894
1018,129,ILE,CA,Van der Waals,-0.09674062,-0.07292318,4.7062187,-1.2774408,4.877055
1018,129,ILE,CA,Van der Waals,-0.17825694,-0.58494806,1.3267002,-4.0324407,4.285193
1018,129,ILE,CA,Van der Waals,-0.12573403,0.90564704,4.468046,-0.81444097,4.631085
1018,129,ILE,CA,Van der Waals,-0.100308806,-0.84457827,4.744854,-0.47944093,4.8432236
1019,129,ILE,C,Van der Waals,-0.15483207,-1.773695,3.1202507,-2.596441,4.429838
1019,129,ILE,C,Van der Waals,-0.11936997,-1.447923,4.133219,-1.6504409,4.680164
1019,129,ILE,C,Van der Waals,-0.09640426,-1.9599478,0.75370026,-4.405441,4.8803043
1019,129,ILE,C,Van der Waals,-0.20907687,-0.46935272,3.8950462,-1.1874411,4.0989866
1019,129,ILE,C,Van der Waals,-0.10485111,-2.219578,4.171854,-0.8524411,4.8018274
1020,129,ILE,O,Van der Waals,-0.097915664,-3.3458316,2.0497532,-2.8774407,4.8657727
1020,129,ILE,O,Van der Waals,-0.21936151,-2.174695,2.0662498,-2.101441,3.6626139
1020,129,ILE,O,Van der Waals,-0.23679763,-1.848923,3.079218,-1.1554408,3.7729487
1020,129,ILE,O,Van der Waals,-0.13298231,-2.3609478,-0.3003006,-3.910441,4.577751
1020,129,ILE,O,Van der Waals,-0.11249694,-1.7727637,4.0647755,-1.662441,4.7359056
1020,129,ILE,O,Hydrogen Bond,-3.8863726,-0.87035275,2.8410454,-0.692441,3.050988
1020,129,ILE,O,Van der Waals,-0.2107213,-2.620578,3.1178532,-0.35744095,4.0885453
1021,129,ILE,CB,Van der Waals,-0.09161471,0.6163049,3.5332508,-3.379441,4.9279118
1021,129,ILE,CB,Van der Waals,-0.097391985,0.17042184,4.584854,-1.6354411,4.8707905
1023,129,ILE,CG2,Van der Waals,-0.15672265,0.6893048,2.0662498,-3.8434408,4.417756
1023,129,ILE,CG2,Van der Waals,-0.1678576,1.0150769,3.079218,-2.8974407,4.3482327
1023,129,ILE,CG2,Van der Waals,-0.1859158,1.9936471,2.8410454,-2.4344409,4.2394185
1023,129,ILE,CG2,Van der Waals,-0.23640808,0.2434218,3.1178532,-2.0994408,3.7666848
391,50,GLU,OE2,Van der Waals,-0.15203702,2.6497667,-2.6328263,2.414671,4.447884
756,96,TYR,OH,Van der Waals,-0.123953566,1.2378776,-0.9814553,4.36767,4.6445813
40,6,ASP,CB,Van der Waals,-0.19877087,-0.02863121,-2.592714,3.2562656,4.1624813
40,6,ASP,CB,Van der Waals,-0.1923135,2.495432,-2.7688363,1.9382658,4.201251
40,6,ASP,CB,Van der Waals,-0.1167774,2.5748253,-3.9318957,-0.09173393,4.7008452
41,6,ASP,CG,Van der Waals,-0.114289775,1.5468693,-2.3304324,3.8032656,4.721075
41,6,ASP,CG,Van der Waals,-0.1311982,2.6913395,-2.181044,3.0122652,4.5906434
41,6,ASP,CG,Van der Waals,-0.09998739,3.7452888,-3.0754046,0.022265434,4.846215
41,6,ASP,CG,Van der Waals,-0.23726344,0.25037003,-1.151714,3.6682653,3.8529599
41,6,ASP,CG,Van der Waals,-0.23641187,2.7744331,-1.3278362,2.3502655,3.870966
41,6,ASP,CG,Van der Waals,-0.23786628,2.8538265,-2.4908957,0.32026577,3.8015072
41,6,ASP,CG,Van der Waals,-0.086235866,3.9659748,-2.8345933,-1.0397348,4.9844685
42,6,ASP,OD1,Van der Waals,-0.13112873,1.3023691,-0.92971396,4.3032656,4.591147
42,6,ASP,OD1,Van der Waals,-0.08687363,3.8264322,-1.1058362,2.9852657,4.9775767
42,6,ASP,OD1,Van der Waals,-0.12762503,3.9058256,-2.2688956,0.955266,4.616914
43,6,ASP,OD2,Van der Waals,-0.23799975,0.7098694,-1.4714322,3.448266,3.8156998
43,6,ASP,OD2,Van der Waals,-0.12736526,1.8543396,-1.3220439,2.6572657,3.4996336
43,6,ASP,OD2,Van der Waals,-0.13272475,2.8986816,-2.253387,2.7372665,4.5796
43,6,ASP,OD2,Salt Bridge,-3.332611,4.087042,-2.098041,1.9492664,4.990524
43,6,ASP,OD2,Van der Waals,-0.13945615,4.090494,-1.8782387,0.52926636,4.5321126
43,6,ASP,OD2,Van der Waals,-0.22179054,2.908289,-2.2164044,-0.3327341,3.6716895
43,6,ASP,OD2,Van der Waals,-0.115718536,2.5446415,-3.9565916,-0.22073364,4.7094097
43,6,ASP,OD2,Van der Waals,0.04026539,-0.58662987,-0.29271388,3.3132658,3.3775058
43,6,ASP,OD2,Hydrogen Bond,-7.487547,1.9374332,-0.46883607,1.995266,2.8203795
43,6,ASP,OD2,Hydrogen Bond,-6.335145,2.0168266,-1.6318955,-0.034733772,2.5945866
43,6,ASP,OD2,Van der Waals,-0.22920553,3.128975,-1.9755931,-1.3947344,3.9545844
208,26,MET,CE,Van der Waals,-0.1498167,3.4423437,2.7764745,0.5952654,4.462385
208,26,MET,CE,Van der Waals,-0.23512763,3.4548368,1.7880583,0.08826542,3.8911233
208,26,MET,CE,Van der Waals,-0.22881931,2.4463644,2.9259691,1.0582657,3.9580197
903,115,PRO,CG,Van der Waals,-0.117973424,2.3973694,-3.3227139,-2.2847347,4.6912494
162,20,LYS,NZ,Van der Waals,-0.13114884,4.079319,0.48332024,-2.0500808,4.590999
162,20,LYS,NZ,Van der Waals,-0.14746162,4.2812347,1.2529278,0.39091933,4.4779034
72,9,ARG,CD,Van der Waals,-0.14577402,1.6105404,2.7145996,3.1921082,4.4891477
73,9,ARG,NE,Van der Waals,-0.0985036,0.78530693,4.5680323,1.4621086,4.8601837
73,9,ARG,NE,Van der Waals,-0.17306566,0.7407608,3.504901,2.4081087,4.316485
73,9,ARG,NE,Van der Waals,-0.09620962,3.2268715,3.3545732,1.4731088,4.8822036
73,9,ARG,NE,Hydrogen Bond,-1.8255305,0.92954063,2.5345993,1.9011087,3.3018866
73,9,ARG,NE,Van der Waals,-0.14197141,-0.2659073,3.4741545,2.871109,4.5148335
74,9,ARG,CZ,Van der Waals,-0.10936258,1.8350697,4.359956,0.55110836,4.762396
74,9,ARG,CZ,Van der Waals,-0.09174903,-0.49969292,4.7450323,1.227108,4.9265423
74,9,ARG,CZ,Van der Waals,-0.1741579,-0.54423904,3.681901,2.173108,4.309871
74,9,ARG,CZ,Van der Waals,-0.18981914,1.9418716,3.5315733,1.2381082,4.216134
74,9,ARG,CZ,Van der Waals,0.5895583,-0.3554592,2.7115993,1.6661081,3.202349
74,9,ARG,CZ,Van der Waals,-0.10930354,-1.5509071,3.6511545,2.6361084,4.76291
74,9,ARG,CZ,Van der Waals,-0.097723246,0.20988655,3.849948,2.9711084,4.867611
75,9,ARG,NH1,Van der Waals,-0.12510717,1.1198711,3.941574,2.1681085,4.635818
75,9,ARG,NH1,Van der Waals,-0.18793641,-1.1774597,3.1216002,2.5961084,4.2273607
76,9,ARG,NH2,Van der Waals,-0.16145663,1.3480701,4.126956,-0.63589144,4.3878713
76,9,ARG,NH2,Van der Waals,-0.094689615,0.13785172,4.8395004,-0.7358918,4.897071
76,9,ARG,NH2,Van der Waals,-0.12736861,-0.9866924,4.5120325,0.040108204,4.6188316
76,9,ARG,NH2,Van der Waals,-0.23314564,-1.0312386,3.4489012,0.9861083,3.7323964
76,9,ARG,NH2,Van der Waals,-0.19869867,1.4548721,3.2985735,0.05110836,3.6055307
76,9,ARG,NH2,Hydrogen Bond,-4.629856,-0.8424587,2.4785995,0.47910833,2.6613412
76,9,ARG,NH2,Van der Waals,-0.18662612,-2.0379066,3.4181547,1.4491086,4.2351813
76,9,ARG,NH2,Van der Waals,-0.21769392,-0.27711296,3.6169481,1.7841086,4.0425425
457,58,ASP,OD2,Van der Waals,-0.20050314,-2.4691582,3.324425,-0.30066586,4.1519804
488,62,ARG,NE,Van der Waals,-0.18816957,-0.44415855,3.764425,1.8683343,4.2259727
489,62,ARG,CZ,Van der Waals,-0.11471514,-1.6589603,3.8657238,2.1353335,4.717586
489,62,ARG,CZ,Van der Waals,0.0003630457,-0.5251579,2.4964252,2.247334,3.3997705
489,62,ARG,CZ,Van der Waals,-0.123314545,-1.7096386,4.1884074,1.0733337,4.6494803
490,62,ARG,NH1,Van der Waals,-0.13609938,-0.84496117,3.3267238,2.9953337,4.5555544
490,62,ARG,NH1,Van der Waals,-0.22471403,0.28884125,1.9574251,3.1073341,3.6838117
490,62,ARG,NH1,Van der Waals,-0.10248977,-1.8577671,2.9941857,3.293334,4.823121
490,62,ARG,NH1,Van der Waals,-0.18818413,-0.8956394,3.6494076,1.9333339,4.225888
491,62,ARG,NH2,Van der Waals,-0.17134833,-2.5689602,3.0817237,1.6203337,4.326899
491,62,ARG,NH2,Van der Waals,5.8319936,-1.4351578,1.7124251,1.7323341,2.8272
491,62,ARG,NH2,Van der Waals,-0.093805976,-3.5817661,2.7491856,1.918334,4.9058204
491,62,ARG,NH2,Van der Waals,-0.17054914,-2.6196384,3.4044075,0.5583339,4.33177
1272,160,LEU,CB,Van der Waals,-0.09661757,-4.564787,0.62906647,1.6013346,4.8782454
1273,160,LEU,CG,Van der Waals,-0.1056739,-4.4721584,-0.9175751,-1.4646664,4.7945166
1273,160,LEU,CG,Van der Waals,-0.09423855,-4.2787876,2.0810661,1.1773338,4.901528
1273,160,LEU,CG,Van der Waals,-0.14299954,-3.7510567,-0.11630201,2.4973335,4.5078406
1274,160,LEU,CD1,Van der Waals,-0.11907221,-4.655038,0.4251547,0.27533436,4.6825147
1274,160,LEU,CD1,Van der Waals,-0.21270274,-3.8860178,-0.30240273,1.1913338,4.0757647
1274,160,LEU,CD1,Van der Waals,-0.17263882,-4.0355616,1.4511089,-0.51266575,4.3190627
1274,160,LEU,CD1,Van der Waals,-0.09501219,-4.2052565,1.5908527,-1.9326658,4.8938932
1274,160,LEU,CD1,Van der Waals,-0.13862386,-3.544158,-0.91357493,-2.6826658,4.537882
1274,160,LEU,CD1,Van der Waals,-0.2300686,-3.3507872,2.0850663,-0.040665627,3.946762
1274,160,LEU,CD1,Van der Waals,1.2157229,-2.8230562,-0.11230183,1.2793341,3.1014438
1275,160,LEU,CD2,Van der Waals,-0.23799188,-3.801158,-0.09957504,-0.36666584,3.8200996
1275,160,LEU,CD2,Van der Waals,-0.10664263,-3.0800562,0.70169806,3.595334,4.7859745
1296,163,GLU,CG,Van der Waals,-0.1562265,-2.9546385,-0.23259258,3.2803338,4.420925
1297,163,GLU,CD,Van der Waals,-0.12670791,-1.678257,1.3228526,4.100334,4.6237674
1297,163,GLU,CD,Van der Waals,-0.23505464,-2.150961,0.18772364,3.2383337,3.8921301
1297,163,GLU,CD,Van der Waals,-0.2271662,-1.0171585,-1.1815751,3.3503342,3.6953309
1297,163,GLU,CD,Van der Waals,-0.14410019,-1.354845,2.409554,3.551334,4.500392
1297,163,GLU,CD,Van der Waals,-0.11115083,-3.1637669,-0.14481449,3.536334,4.7472153
1297,163,GLU,CD,Van der Waals,0.95485616,-2.2016392,0.51040745,2.176334,3.1375406
1298,163,GLU,OE1,Van der Waals,-0.09345165,-0.6732559,1.9918528,4.436334,4.9093595
1298,163,GLU,OE1,Van der Waals,-0.2373716,-1.1459599,0.8567238,3.5743337,3.8500726
1298,163,GLU,OE1,Van der Waals,-0.23171948,-0.01215744,-0.5125749,3.6863341,3.7218194
1298,163,GLU,OE1,Van der Waals,-0.087483004,-0.34984398,3.0785542,3.8873339,4.971041
1298,163,GLU,OE1,Van der Waals,-0.14952351,-2.1587658,0.52418566,3.872334,4.464304
1298,163,GLU,OE1,Hydrogen Bond,-6.153961,-1.1966381,1.1794076,2.5123339,3.0223777
1299,163,GLU,OE2,Salt Bridge,-3.421298,-1.9495611,1.2171087,4.356334,4.9254227
1299,163,GLU,OE2,Van der Waals,-0.2366199,-2.119256,1.3568525,2.9363341,3.867086
1299,163,GLU,OE2,Van der Waals,0.15030785,-2.59196,0.22172356,2.0743337,3.3272026
1299,163,GLU,OE2,Van der Waals,4.702691,-1.4581575,-1.1475751,2.1863341,2.8676138
1299,163,GLU,OE2,Van der Waals,-0.23699008,-1.7958441,2.443554,2.3873339,3.8594527
1299,163,GLU,OE2,Van der Waals,-0.17301837,-3.604766,-0.11081457,2.372334,4.3167796
1299,163,GLU,OE2,Hydrogen Bond,-7.3019953,-2.6426382,0.54440737,1.0123339,2.8817937
1271,160,LEU,O,Van der Waals,-0.11222219,-4.657606,-0.103196144,-0.8640852,4.738205
1292,163,GLU,CA,Van der Waals,-0.092817985,-3.9746065,0.9898038,2.7179146,4.9157166
1293,163,GLU,C,Van der Waals,-0.103201404,-3.204606,0.0068039894,3.5959148,4.8166533
1295,163,GLU,CB,Van der Waals,-0.08918049,-4.2490597,1.4455771,2.094915,4.953067
1295,163,GLU,CB,Van der Waals,-0.23704089,-3.1156063,1.473804,1.5459146,3.7774267
1296,163,GLU,CG,Van der Waals,-0.15464164,-2.9420595,2.0815768,2.577915,4.431063
1296,163,GLU,CG,Van der Waals,-0.061149254,-1.8086061,2.1098037,2.0289147,3.440759
1296,163,GLU,CG,Van der Waals,-0.1342065,-3.8764753,2.3282838,0.6539147,4.5689793
1297,163,GLU,CD,Van der Waals,-0.14187242,-2.2695255,2.6200032,2.8939152,4.5155187
1297,163,GLU,CD,Van der Waals,-0.23669761,-2.1890602,2.8245769,1.4739151,3.8655717
1297,163,GLU,CD,Van der Waals,-0.13880882,-3.4147053,2.9233718,0.61191463,4.5366015
1297,163,GLU,CD,Van der Waals,-0.12337441,-4.366621,1.4219241,0.7239151,4.6490107
1297,163,GLU,CD,Van der Waals,0.70581484,-1.0556068,2.8528037,0.92491484,3.1793494
1297,163,GLU,CD,Van der Waals,-0.18277065,-1.4549904,2.164648,3.3659148,4.258178
1297,163,GLU,CD,Van der Waals,-0.15895943,-3.123476,3.0712838,-0.45008516,4.403574
1298,163,GLU,OE1,Salt Bridge,-3.6325688,-1.2645245,3.2890034,3.2299151,4.780054
1298,163,GLU,OE1,Van der Waals,-0.20750493,-1.1840591,3.493577,1.8099151,4.1088767
1298,163,GLU,OE1,Van der Waals,-0.15506299,-2.4097042,3.592372,0.9479146,4.4283576
1298,163,GLU,OE1,Van der Waals,-0.20918936,-3.36162,2.0909243,1.0599151,4.0982766
1298,163,GLU,OE1,Van der Waals,-0.23416017,-0.050605774,3.5218039,1.2609148,3.7410653
1298,163,GLU,OE1,Van der Waals,-0.118934765,-0.44998932,2.8336482,3.7019148,4.6836123
1298,163,GLU,OE1,Van der Waals,-0.17578189,-2.118475,3.740284,-0.1140852,4.3000784
1299,163,GLU,OE2,Salt Bridge,-4.774706,-2.7105246,2.6540031,1.7299151,4.1693263
1299,163,GLU,OE2,Van der Waals,-0.2347105,-2.6300592,2.8585768,0.30991507,3.8967576
1299,163,GLU,OE2,Van der Waals,-0.09535448,-3.8557043,2.9573717,-0.5520854,4.890532
1299,163,GLU,OE2,Van der Waals,0.34996846,-1.4966059,2.8868036,-0.2390852,3.2604642
1299,163,GLU,OE2,Van der Waals,-0.21362516,-1.8959894,2.198648,2.2019148,3.6437972
1299,163,GLU,OE2,Van der Waals,-0.085238695,-3.564475,3.1052837,-1.6140852,4.995352
1300,164,LYS,N,Van der Waals,-0.13193296,-3.067606,-1.2591963,3.1669147,4.585317
167,21,ASP,CB,Van der Waals,-0.20097464,-0.45147133,-2.4364424,-3.3279233,4.1491146
168,21,ASP,CG,Van der Waals,-0.18649165,-1.66681,-1.6010208,-3.5499234,4.2359743
168,21,ASP,CG,Van der Waals,-0.10518001,-2.3898647,-0.92699337,-4.0569234,4.7988954
168,21,ASP,CG,Van der Waals,0.08585219,-0.870471,-0.98444176,-3.0869231,3.3549874
168,21,ASP,CG,Van der Waals,-0.20382616,-2.1781347,-2.1802368,-2.751923,4.1316805
169,21,ASP,OD1,Van der Waals,-0.19698991,-1.8794713,-0.53844166,-3.6869233,4.1732163
169,21,ASP,OD1,Van der Waals,-0.09046378,-3.187135,-1.7342367,-3.3519232,4.939716
170,21,ASP,OD2,Van der Waals,-0.20316376,-0.3959551,-1.8172951,-3.6939237,4.1357484
170,21,ASP,OD2,Van der Waals,1.5415287,-0.98481035,-0.93102074,-2.7479236,3.063941
170,21,ASP,OD2,Van der Waals,-0.22492395,-1.707865,-0.2569933,-3.2549236,3.6847491
170,21,ASP,OD2,Hydrogen Bond,-2.9174156,-0.18847132,-0.31444168,-2.2849233,2.3141456
170,21,ASP,OD2,Hydrogen Bond,-7.28788,-1.496135,-1.5102367,-1.9499233,2.8846898
191,25,HIS,N,Van der Waals,-0.0883464,-4.276471,0.41455746,-2.4819233,4.9618554
192,25,HIS,CA,Van der Waals,-0.18588749,-4.077471,0.51855755,-1.0389233,4.239579
193,25,HIS,C,Van der Waals,-0.19329278,-4.0844707,-0.8704424,-0.40092325,4.1953917
194,25,HIS,O,Van der Waals,-0.22265244,-3.461471,-1.8124418,-0.88992333,4.0073295
195,25,HIS,CB,Van der Waals,-0.100399174,-3.6942492,-1.1772118,-2.9009233,4.8423815
195,25,HIS,CB,Van der Waals,-0.22033478,-2.976955,-0.2512951,-2.1249237,3.6661575
195,25,HIS,CB,Van der Waals,-0.23796715,-3.5658102,0.63497925,-1.1789236,3.808945
195,25,HIS,CB,Van der Waals,-0.13967344,-1.2428379,-1.8724327,-3.9339232,4.530607
195,25,HIS,CB,Van der Waals,-0.106113315,-4.288865,1.3090067,-1.6859236,4.790637
195,25,HIS,CB,Van der Waals,1.0591241,-2.7694712,1.2515583,-0.7159233,3.1223252
195,25,HIS,CB,Van der Waals,-0.2096638,-4.077135,0.055763245,-0.38092327,4.0952706
196,25,HIS,CG,Van der Waals,-0.20154178,-2.856955,1.0807047,-2.8029237,4.14566
196,25,HIS,CG,Van der Waals,-0.16260049,-3.4458103,1.966979,-1.8569236,4.3807282
196,25,HIS,CG,Van der Waals,-0.107635625,-1.122838,-0.54043293,-4.611923,4.777308
196,25,HIS,CG,Van der Waals,-0.229225,-2.6494713,2.583558,-1.3939233,3.954427
196,25,HIS,CG,Van der Waals,-0.17165175,-3.957135,1.387763,-1.0589232,4.3250575
197,25,HIS,ND1,Van der Waals,-0.1489117,-1.9399548,1.3837051,-3.7799237,4.4683204
197,25,HIS,ND1,Van der Waals,-0.1556196,-2.52881,2.2699795,-2.8339236,4.4247947
197,25,HIS,ND1,Van der Waals,-0.20609926,-1.732471,2.8865585,-2.3709233,4.117639
197,25,HIS,ND1,Van der Waals,-0.21941237,-3.0401347,1.6907635,-2.0359232,4.030643
198,25,HIS,CD2,Van der Waals,-0.08731117,-3.608955,2.2097054,-2.6119237,4.972876
198,25,HIS,CD2,Van der Waals,-0.1008739,-1.8748379,0.58856773,-4.420923,4.8379736
201,26,MET,N,Van der Waals,-0.09126538,-4.7704716,-1.0004425,0.74907684,4.9314704
203,26,MET,C,Van der Waals,-0.11588387,-3.3874712,-2.4004421,2.2200766,4.70806
204,26,MET,O,Van der Waals,-0.1157868,-3.2039552,-3.055296,1.6040764,4.708845
204,26,MET,O,Van der Waals,-0.09376132,-1.4698381,-4.6764336,-0.20492315,4.906266
204,26,MET,O,Van der Waals,-0.14061691,-2.9964714,-1.5524426,3.0130768,4.5241075
209,27,VAL,N,Van der Waals,-0.10021043,-2.7024713,-3.5044422,1.9700766,4.8441377
210,27,VAL,CA,Van der Waals,-0.098941326,-1.4244714,-3.8634424,2.5740767,4.8560452
213,27,VAL,CB,Van der Waals,-0.13134187,-1.9018648,-4.144994,0.51607656,4.5895967
213,27,VAL,CB,Van der Waals,-0.14807616,-0.38247108,-4.202442,1.4860768,4.4738383
214,27,VAL,CG1,Van der Waals,-0.11508589,-0.55986476,-4.541994,1.1330767,4.7145543
215,27,VAL,CG2,Van der Waals,-0.13071561,-0.34395504,-4.5022955,-0.8469238,4.594154
215,27,VAL,CG2,Van der Waals,-0.23354968,-0.9328103,-3.6160212,0.09907627,3.7357142
215,27,VAL,CG2,Van der Waals,-0.00089161255,-1.655865,-2.9419937,-0.4079237,3.400532
215,27,VAL,CG2,Van der Waals,1.6314741,-0.13647127,-2.999442,0.56207657,3.0547025
215,27,VAL,CG2,Van der Waals,-0.14025156,-1.444135,-4.195237,0.8970766,4.52662
163,21,ASP,N,Van der Waals,-0.10122993,-4.7007513,-0.38223076,-1.0634788,4.834682
164,21,ASP,CA,Van der Waals,-0.19420746,-3.6517513,-0.16723156,-2.047479,4.189919
167,21,ASP,CB,Van der Waals,-0.21367322,-2.7572353,-0.7500839,-2.8974786,4.0694413
167,21,ASP,CB,Van der Waals,-0.23612416,-3.3460903,0.13618946,-1.9514786,3.8759692
167,21,ASP,CB,Van der Waals,-0.102535255,-4.069145,0.81021786,-2.458479,4.822708
167,21,ASP,CB,Van der Waals,1.711011,-2.5497515,0.7527685,-1.4884788,3.0468776
167,21,ASP,CB,Van der Waals,-0.2165254,-3.8574152,-0.44302654,-1.1534787,4.050486
168,21,ASP,CG,Van der Waals,-0.19256116,-3.176235,0.7019167,-2.6564784,4.1997657
168,21,ASP,CG,Van der Waals,-0.15482323,-3.76509,1.5881901,-1.7104787,4.429897
168,21,ASP,CG,Van der Waals,-0.107125394,-1.4421182,-0.9192219,-4.4654784,4.781754
168,21,ASP,CG,Van der Waals,-0.23424968,-2.9687512,2.2047691,-1.2474788,3.9026523
168,21,ASP,CG,Van der Waals,-0.14600843,-4.276415,1.0089741,-0.9124788,4.4875793
170,21,ASP,OD2,Van der Waals,-0.1683893,-2.5080523,-0.37175655,-3.5284789,4.3449616
170,21,ASP,OD2,Van der Waals,-0.19666126,-3.2115297,0.44599915,-2.6304786,4.175195
170,21,ASP,OD2,Van der Waals,0.0043695993,-2.4942353,1.3719168,-1.8544786,3.397419
170,21,ASP,OD2,Van der Waals,-0.23198204,-3.0830903,2.2581902,-0.90847874,3.9281297
170,21,ASP,OD2,Van der Waals,-0.23504803,-0.7601185,-0.2492218,-3.6634786,3.7497957
170,21,ASP,OD2,Van der Waals,-0.22812818,-2.2867515,2.8747692,-0.44547892,3.7002678
170,21,ASP,OD2,Van der Waals,-0.22756828,-3.5944152,1.6789742,-0.11047888,3.9687505
194,25,HIS,O,Van der Waals,-0.08983929,-4.0331182,-1.747222,-2.2684786,4.9461927
195,25,HIS,CB,Van der Waals,-0.19961332,-3.3411183,1.3167782,-2.0944786,4.157381
203,26,MET,C,Van der Waals,-0.12029292,-3.9591184,-2.3352222,0.84152126,4.6729045
204,26,MET,O,Van der Waals,-0.19302133,-3.5681186,-1.4872227,1.6345215,4.197018
209,27,VAL,N,Van der Waals,-0.10673377,-3.2741184,-3.4392223,0.59152126,4.7851853
210,27,VAL,CA,Van der Waals,-0.15106046,-1.9961185,-3.7982225,1.1955214,4.4542403
213,27,VAL,CB,Van der Waals,-0.0871585,-3.4055295,-3.4420013,1.1405215,4.9745145
213,27,VAL,CB,Van der Waals,-0.20067438,-2.688235,-2.5160837,1.9165215,4.1509447
213,27,VAL,CB,Van der Waals,-0.123707876,-3.27709,-1.6298103,2.8625214,4.6464643
213,27,VAL,CB,Van der Waals,-0.18461366,-0.95411825,-4.1372223,0.107521534,4.2471766
213,27,VAL,CB,Van der Waals,-0.112064175,-4.000145,-0.95578194,2.3555212,4.7395315
213,27,VAL,CB,Van der Waals,-0.18065627,-2.4807513,-1.0132313,3.3255212,4.2708144
214,27,VAL,CG1,Van der Waals,-0.09171757,-1.3600521,-4.6567574,0.8595214,4.9268556
214,27,VAL,CG1,Van der Waals,-0.116948195,-2.0635295,-3.8390017,1.7575216,4.699465
214,27,VAL,CG1,Van der Waals,-0.21070205,-1.346235,-2.913084,2.5335217,4.08866
214,27,VAL,CG1,Van der Waals,-0.14901908,-1.9350902,-2.0268106,3.4795215,4.4676175
214,27,VAL,CG1,Van der Waals,-0.12881525,0.38788176,-4.5342226,0.72452164,4.608097
214,27,VAL,CG1,Van der Waals,-0.19069773,-2.658145,-1.3527822,2.9725213,4.210895
214,27,VAL,CG1,Van der Waals,-0.16932529,-1.1387513,-1.4102316,3.9425213,4.339237
215,27,VAL,CG2,Van der Waals,-0.22620006,-2.4560523,-3.056757,-0.681479,3.9799962
215,27,VAL,CG2,Van der Waals,-0.23597147,-3.1595297,-2.2390013,0.21652126,3.8784838
215,27,VAL,CG2,Van der Waals,3.0812552,-2.4422352,-1.3130836,0.9925213,2.9451315
215,27,VAL,CG2,Van der Waals,-0.20617229,-3.0310903,-0.42681026,1.9385211,3.6231947
215,27,VAL,CG2,Van der Waals,1.0266703,-0.70811844,-2.9342222,-0.8164787,3.126936
215,27,VAL,CG2,Van der Waals,-0.22015409,-3.7541451,0.24721813,1.4315209,4.0254164
215,27,VAL,CG2,Van der Waals,0.2654233,-2.2347515,0.18976879,2.401521,3.2859442
215,27,VAL,CG2,Van der Waals,-0.13156778,-3.5424151,-1.0060263,2.736521,4.587956
244,31,LYS,CB,Van der Waals,-0.08528432,-0.66525507,-4.88552,0.79852104,4.994848
246,31,LYS,CD,Van der Waals,-0.102457665,-1.2462552,-4.3495197,-1.6714787,4.823413
246,31,LYS,CD,Van der Waals,-0.1618657,0.51985496,-1.4367819,4.1105213,4.3853135
247,31,LYS,CE,Van der Waals,-0.1110605,0.3244443,-4.4748755,1.5535212,4.747968
247,31,LYS,CE,Van der Waals,-0.16485183,1.00156,-3.54389,2.3465214,4.3667426
247,31,LYS,CE,Van der Waals,-0.11253849,2.3994706,-3.4090014,2.2465215,4.7355685
247,31,LYS,CE,Van der Waals,-0.08768944,2.5279098,-1.5968103,3.9685214,4.968832
247,31,LYS,CE,Van der Waals,-0.14669454,0.038744926,-3.8355198,-2.320479,4.483005
247,31,LYS,CE,Van der Waals,-0.09312318,-0.7512778,-4.5689287,1.6415215,4.9126487
247,31,LYS,CE,Van der Waals,-0.18520394,0.4282434,-2.936491,3.0335212,4.2436566
247,31,LYS,CE,Van der Waals,-0.22210251,1.804855,-0.92278194,3.4615211,4.011379
248,31,LYS,NZ,Van der Waals,-0.135092,2.8589478,-3.5557566,0.032521248,4.56268
248,31,LYS,NZ,Van der Waals,-0.115346685,0.78114986,-4.597438,-0.6784787,4.712426
248,31,LYS,NZ,Van der Waals,-0.23798937,0.08044428,-3.803875,0.23752117,3.8121324
248,31,LYS,NZ,Van der Waals,0.9081706,0.75756,-2.8728895,1.0305214,3.1447363
248,31,LYS,NZ,Van der Waals,-0.19924766,2.1554706,-2.7380009,0.9305215,3.60674
248,31,LYS,NZ,Van der Waals,-0.23785959,2.8727648,-1.8120832,1.7065215,3.8011365
248,31,LYS,NZ,Van der Waals,-0.20516601,2.2839098,-0.92580986,2.6525214,3.6206682
248,31,LYS,NZ,Van der Waals,-0.102287926,-0.20525509,-3.1645193,-3.636479,4.8249655
248,31,LYS,NZ,Van der Waals,-0.21862474,-0.9952778,-3.8979282,0.32552147,4.036135
248,31,LYS,NZ,Hydrogen Bond,-4.9523954,0.18424338,-2.2654905,1.7175212,2.8489072
248,31,LYS,NZ,Hydrogen Bond,-4.6491237,1.5608549,-0.25178146,2.1455212,2.6651309
248,31,LYS,NZ,Van der Waals,-0.16079128,3.0802486,-0.3092308,3.1155212,4.392041
248,31,LYS,NZ,Van der Waals,-0.19902831,1.7725852,-1.5050259,3.4505212,4.16092
259,32,TYR,CZ,Van der Waals,-0.09326666,1.411855,-4.421782,1.6045213,4.9112096
260,32,TYR,OH,Van der Waals,-0.10959729,1.7299097,-4.30281,1.0745213,4.7603946
260,32,TYR,OH,Van der Waals,-0.23796207,1.006855,-3.6287818,0.5675211,3.808398
260,32,TYR,OH,Van der Waals,-0.11370297,2.5262487,-3.6862311,1.5375211,4.7259073
793,101,ASP,CA,Van der Waals,-0.08756433,2.1705852,-3.5390263,-2.7324789,4.9701695
796,101,ASP,CB,Van der Waals,-0.13118564,2.3929098,-3.3278103,-2.0674787,4.5907307
796,101,ASP,CB,Van der Waals,-0.21556088,1.6698549,-2.653782,-2.5744789,4.056959
796,101,ASP,CB,Van der Waals,-0.14670998,3.1892486,-2.7112312,-1.6044788,4.4829044
796,101,ASP,CB,Van der Waals,-0.14143564,1.8815851,-3.9070263,-1.2694788,4.5184946
797,101,ASP,CG,Van der Waals,-0.15084417,3.3779097,-2.7028103,-1.0664787,4.4556518
797,101,ASP,CG,Van der Waals,-0.118324935,1.2782433,-4.042491,-2.001479,4.6884494
797,101,ASP,CG,Van der Waals,-0.22674488,2.6548548,-2.028782,-1.5734789,3.6932433
797,101,ASP,CG,Van der Waals,-0.116210856,4.1742487,-2.0862312,-0.6034789,4.705412
797,101,ASP,CG,Van der Waals,-0.16498838,2.866585,-3.2820263,-0.26847887,4.3659005
798,101,ASP,OD1,Van der Waals,-0.10735068,2.0055602,-3.4178896,-2.6724787,4.779789
798,101,ASP,OD1,Van der Waals,-0.22771537,3.53191,-1.4708099,-1.0504787,3.967515
798,101,ASP,OD1,Van der Waals,-0.23247658,1.4322435,-2.8104906,-1.9854789,3.7272384
798,101,ASP,OD1,Hydrogen Bond,-2.6593783,2.808855,-0.79678154,-1.5574789,3.309119
798,101,ASP,OD1,Van der Waals,-0.15160608,4.328249,-0.8542309,-0.5874789,4.450683
798,101,ASP,OD1,Van der Waals,-0.21841429,3.020585,-2.050026,-0.25247884,3.6592739
799,101,ASP,OD2,Van der Waals,-0.16988236,3.2428548,-2.778782,-0.7494788,4.335834
803,102,MET,O,Van der Waals,-0.15145533,-0.8097513,-1.1132317,-4.2334785,4.451665
814,103,PHE,CD1,Van der Waals,-0.09307628,-2.8107512,-3.8762312,-1.1014788,4.91312
816,103,PHE,CE1,Van der Waals,-0.1740455,-2.0407512,-3.7962313,0.06952119,4.3105536
817,103,PHE,CE2,Van der Waals,-0.11137505,-0.10675144,-4.5992312,-1.1634789,4.745314
818,103,PHE,CZ,Van der Waals,-0.11156111,-2.2051451,-4.094782,-0.93447876,4.743749
818,103,PHE,CZ,Van der Waals,-0.19107792,-0.68575144,-4.152231,0.03552127,4.208627
1023,129,ILE,CG2,Van der Waals,-0.22502436,0.7521801,2.7934055,2.7469516,3.9893148
1030,130,LEU,CG,Van der Waals,-0.13810179,-2.9788198,3.4034061,0.41095114,4.541522
1031,130,LEU,CD1,Van der Waals,-0.087557435,-3.0588198,3.7674065,-1.0740485,4.9702425
1032,130,LEU,CD2,Van der Waals,-0.10604181,-3.5169387,3.0528126,1.1259518,4.791272
1032,130,LEU,CD2,Van der Waals,-0.23450704,-3.3368201,1.9334068,0.5769515,3.8993979
