iteration,residue_index,residue_name,flux_value
1,1,MET,2.340928
1,2,CYS,0.000000
1,3,ALA,0.000000
1,4,SER,0.000000
1,5,ARG,19.921761
1,6,ASP,59.194962
1,7,ASP,85.275795
1,8,TRP,0.000000
1,9,ARG,11.230113
1,10,CYS,0.000000
1,11,ALA,0.000000
1,12,ARG,63.087280
1,13,SER,0.000000
1,14,MET,0.000000
1,15,HIS,0.000000
1,16,GLU,0.000000
1,17,PHE,0.000000
1,18,SER,0.000000
1,19,ALA,0.000000
1,20,LYS,4.301027
1,21,ASP,34.474380
1,22,ILE,0.000000
1,23,ASP,33.148102
1,24,GLY,4.593605
1,25,HIS,28.204121
1,26,MET,23.612730
1,27,VAL,7.452074
1,28,ASN,0.000000
1,29,LEU,0.000000
1,30,ASP,0.000000
1,31,LYS,42.802841
1,32,TYR,0.000000
1,33,ARG,6.700811
1,34,GLY,0.000000
1,35,PHE,0.000000
1,36,VAL,0.000000
1,37,CYS,0.000000
1,38,ILE,0.000000
1,39,VAL,0.000000
1,40,THR,0.000000
1,41,ASN,0.000000
1,42,VAL,0.000000
1,43,ALA,0.000000
1,44,SER,3.551490
1,45,GLN,51.259628
1,46,CYS,0.000000
1,47,GLY,0.000000
1,48,LYS,3.260514
1,49,THR,0.000000
1,50,GLU,71.123878
1,51,VAL,4.417016
1,52,ASN,0.000000
1,53,TYR,0.000000
1,54,THR,0.000000
1,55,GLN,5.563871
1,56,LEU,0.000000
1,57,VAL,0.000000
1,58,ASP,0.000000
1,59,LEU,0.000000
1,60,HIS,0.000000
1,61,ALA,0.000000
1,62,ARG,54.853275
1,63,TYR,3.619206
1,64,ALA,1.874000
1,65,GLU,39.419075
1,66,SER,0.000000
1,67,GLY,0.000000
1,68,LEU,0.000000
1,69,ARG,0.000000
1,70,ILE,0.000000
1,71,LEU,0.000000
1,72,ALA,0.000000
1,73,PHE,0.000000
1,74,PRO,0.000000
1,75,CYS,0.000000
1,76,ASN,0.000000
1,77,GLN,3.331409
1,78,PHE,5.697116
1,79,GLY,34.853035
1,80,LYS,42.521076
1,81,GLN,1.112232
1,82,GLU,0.000000
1,83,PRO,0.000000
1,84,GLY,0.000000
1,85,SER,2.844122
1,86,ASN,38.346775
1,87,GLU,0.000000
1,88,GLU,61.339184
1,89,ILE,0.000000
1,90,LYS,2.683724
1,91,GLU,0.000000
1,92,PHE,5.738909
1,93,ALA,0.000000
1,94,ALA,0.000000
1,95,GLY,3.535655
1,96,TYR,5.059804
1,97,ASN,1.450035
1,98,VAL,0.000000
1,99,LYS,51.857113
1,100,PHE,0.000000
1,101,ASP,0.000000
1,102,MET,0.000000
1,103,PHE,0.000000
1,104,SER,1.522475
1,105,LYS,4.390392
1,106,ILE,0.000000
1,107,CYS,0.000000
1,108,VAL,0.000000
1,109,ASN,59.113087
1,110,GLY,3.438572
1,111,ASP,0.000000
1,112,ASP,3.017509
1,113,ALA,0.000000
1,114,HIS,0.000000
1,115,PRO,0.000000
1,116,LEU,0.000000
1,117,TRP,0.000000
1,118,LYS,0.000000
1,119,TRP,0.000000
1,120,MET,0.000000
1,121,LYS,0.000000
1,122,ILE,67.363266
1,123,GLN,5.916279
1,124,PRO,1.422295
1,125,LYS,3.153589
1,126,GLY,0.000000
1,127,LYS,41.458042
1,128,GLY,4.282948
1,129,ILE,13.595148
1,130,LEU,17.993120
1,131,GLY,13.620107
1,132,ASN,6.247943
1,133,ALA,2.388066
1,134,ILE,3.355891
1,135,LYS,60.307281
1,136,TRP,6.281641
1,137,ASN,0.000000
1,138,PHE,0.000000
1,139,THR,0.000000
1,140,LYS,0.000000
1,141,PHE,0.000000
1,142,LEU,0.000000
1,143,ILE,0.000000
1,144,ASP,0.000000
1,145,LYS,0.000000
1,146,ASN,0.000000
1,147,GLY,0.000000
1,148,CYS,0.000000
1,149,VAL,0.000000
1,150,VAL,0.000000
1,151,LYS,0.000000
1,152,ARG,0.000000
1,153,TYR,0.000000
1,154,GLY,0.000000
1,155,PRO,0.000000
1,156,MET,2.540261
1,157,GLU,34.229733
1,158,GLU,2.358344
1,159,PRO,0.000000
1,160,LEU,0.000000
1,161,VAL,0.000000
1,162,ILE,0.000000
1,163,GLU,3.337155
1,164,LYS,0.000000
1,165,ASP,0.000000
1,166,LEU,0.000000
1,167,PRO,2.900941
1,168,HIS,8.463660
1,169,TYR,3.611459
1,170,PHE,0.000000
1,171,HIS,9.520207
1,172,HIS,3.214429
1,173,HIS,0.000000
1,174,HIS,0.000000
1,175,HIS,4.059690
1,176,HIS,5.604476
2,1,MET,2.931054
2,2,CYS,16.887360
2,3,ALA,1.597733
2,4,SER,20.727045
2,5,ARG,1.220321
2,6,ASP,2.275889
2,7,ASP,0.000000
2,8,TRP,0.000000
2,9,ARG,66.984207
2,10,CYS,0.000000
2,11,ALA,0.000000
2,12,ARG,51.196823
2,13,SER,2.309439
2,14,MET,0.000000
2,15,HIS,0.000000
2,16,GLU,0.000000
2,17,PHE,0.000000
2,18,SER,1.841656
2,19,ALA,0.000000
2,20,LYS,68.258957
2,21,ASP,35.781502
2,22,ILE,0.000000
2,23,ASP,45.406521
2,24,GLY,2.437963
2,25,HIS,19.723404
2,26,MET,38.330864
2,27,VAL,8.952010
2,28,ASN,22.413157
2,29,LEU,0.000000
2,30,ASP,58.467831
2,31,LYS,34.225948
2,32,TYR,0.000000
2,33,ARG,44.952381
2,34,GLY,17.902723
2,35,PHE,4.010127
2,36,VAL,0.000000
2,37,CYS,0.000000
2,38,ILE,0.000000
2,39,VAL,0.000000
2,40,THR,0.000000
2,41,ASN,0.000000
2,42,VAL,0.000000
2,43,ALA,0.000000
2,44,SER,0.000000
2,45,GLN,78.559776
2,46,CYS,0.000000
2,47,GLY,3.059476
2,48,LYS,3.477314
2,49,THR,0.000000
2,50,GLU,61.098942
2,51,VAL,0.000000
2,52,ASN,0.000000
2,53,TYR,0.000000
2,54,THR,0.000000
2,55,GLN,0.000000
2,56,LEU,0.000000
2,57,VAL,0.000000
2,58,ASP,64.415718
2,59,LEU,0.000000
2,60,HIS,0.000000
2,61,ALA,0.000000
2,62,ARG,6.552953
2,63,TYR,0.000000
2,64,ALA,0.000000
2,65,GLU,39.884678
2,66,SER,43.373226
2,67,GLY,0.000000
2,68,LEU,0.000000
2,69,ARG,0.000000
2,70,ILE,0.000000
2,71,LEU,0.000000
2,72,ALA,0.000000
2,73,PHE,0.000000
2,74,PRO,0.000000
2,75,CYS,0.000000
2,76,ASN,0.000000
2,77,GLN,33.055355
2,78,PHE,2.370865
2,79,GLY,3.661692
2,80,LYS,33.376167
2,81,GLN,0.000000
2,82,GLU,0.000000
2,83,PRO,2.771615
2,84,GLY,0.000000
2,85,SER,0.000000
2,86,ASN,5.224523
2,87,GLU,7.207381
2,88,GLU,85.840477
2,89,ILE,0.000000
2,90,LYS,29.755335
2,91,GLU,6.354746
2,92,PHE,3.956209
2,93,ALA,0.000000
2,94,ALA,0.000000
2,95,GLY,0.000000
2,96,TYR,5.559461
2,97,ASN,0.000000
2,98,VAL,0.000000
2,99,LYS,3.756988
2,100,PHE,0.000000
2,101,ASP,4.843365
2,102,MET,0.000000
2,103,PHE,0.000000
2,104,SER,1.572881
2,105,LYS,0.000000
2,106,ILE,0.000000
2,107,CYS,4.288064
2,108,VAL,0.000000
2,109,ASN,9.402792
2,110,GLY,2.824528
2,111,ASP,19.309036
2,112,ASP,60.280407
2,113,ALA,0.000000
2,114,HIS,0.000000
2,115,PRO,0.000000
2,116,LEU,0.000000
2,117,TRP,0.000000
2,118,LYS,0.000000
2,119,TRP,0.000000
2,120,MET,0.000000
2,121,LYS,0.000000
2,122,ILE,0.000000
2,123,GLN,0.000000
2,124,PRO,8.848880
2,125,LYS,46.191380
2,126,GLY,0.000000
2,127,LYS,37.457882
2,128,GLY,2.855797
2,129,ILE,13.357112
2,130,LEU,4.901942
2,131,GLY,3.966985
2,132,ASN,4.477682
2,133,ALA,0.000000
2,134,ILE,0.000000
2,135,LYS,0.000000
2,136,TRP,0.000000
2,137,ASN,0.000000
2,138,PHE,0.000000
2,139,THR,0.000000
2,140,LYS,0.000000
2,141,PHE,0.000000
2,142,LEU,0.000000
2,143,ILE,0.000000
2,144,ASP,0.000000
2,145,LYS,17.752628
2,146,ASN,76.540100
2,147,GLY,0.000000
2,148,CYS,0.000000
2,149,VAL,0.000000
2,150,VAL,0.000000
2,151,LYS,54.529854
2,152,ARG,0.000000
2,153,TYR,0.000000
2,154,GLY,0.000000
2,155,PRO,0.000000
2,156,MET,3.751240
2,157,GLU,12.681273
2,158,GLU,0.000000
2,159,PRO,0.000000
2,160,LEU,2.555792
2,161,VAL,0.000000
2,162,ILE,0.000000
2,163,GLU,0.000000
2,164,LYS,7.904957
2,165,ASP,67.899818
2,166,LEU,0.000000
2,167,PRO,0.000000
2,168,HIS,5.968671
2,169,TYR,0.000000
2,170,PHE,0.000000
2,171,HIS,0.000000
2,172,HIS,3.643299
2,173,HIS,20.667685
2,174,HIS,34.789162
2,175,HIS,3.583643
2,176,HIS,4.680079
3,1,MET,2.384193
3,2,CYS,0.000000
3,3,ALA,0.000000
3,4,SER,8.871431
3,5,ARG,8.995757
3,6,ASP,19.283495
3,7,ASP,31.953814
3,8,TRP,2.625293
3,9,ARG,44.499393
3,10,CYS,0.000000
3,11,ALA,0.000000
3,12,ARG,2.991084
3,13,SER,0.000000
3,14,MET,0.000000
3,15,HIS,0.000000
3,16,GLU,0.000000
3,17,PHE,0.000000
3,18,SER,3.962273
3,19,ALA,0.000000
3,20,LYS,47.068977
3,21,ASP,31.155294
3,22,ILE,3.764427
3,23,ASP,54.033165
3,24,GLY,0.000000
3,25,HIS,39.524082
3,26,MET,38.566883
3,27,VAL,15.093657
3,28,ASN,30.055872
3,29,LEU,0.000000
3,30,ASP,59.526337
3,31,LYS,42.659370
3,32,TYR,0.000000
3,33,ARG,42.704216
3,34,GLY,4.218952
3,35,PHE,3.857804
3,36,VAL,0.000000
3,37,CYS,0.000000
3,38,ILE,0.000000
3,39,VAL,0.000000
3,40,THR,0.000000
3,41,ASN,0.000000
3,42,VAL,0.000000
3,43,ALA,0.000000
3,44,SER,24.835482
3,45,GLN,51.246330
3,46,CYS,11.156940
3,47,GLY,16.307552
3,48,LYS,3.071560
3,49,THR,3.573954
3,50,GLU,54.163715
3,51,VAL,0.000000
3,52,ASN,0.000000
3,53,TYR,0.000000
3,54,THR,7.125304
3,55,GLN,6.145835
3,56,LEU,0.000000
3,57,VAL,0.000000
3,58,ASP,34.009205
3,59,LEU,0.000000
3,60,HIS,0.000000
3,61,ALA,0.000000
3,62,ARG,62.487301
3,63,TYR,0.000000
3,64,ALA,36.470871
3,65,GLU,32.539570
3,66,SER,2.554018
3,67,GLY,3.035507
3,68,LEU,0.000000
3,69,ARG,74.750046
3,70,ILE,0.000000
3,71,LEU,0.000000
3,72,ALA,0.000000
3,73,PHE,0.000000
3,74,PRO,0.000000
3,75,CYS,0.000000
3,76,ASN,0.000000
3,77,GLN,31.968004
3,78,PHE,5.291191
3,79,GLY,0.000000
3,80,LYS,58.765865
3,81,GLN,0.843046
3,82,GLU,0.000000
3,83,PRO,1.930230
3,84,GLY,0.000000
3,85,SER,6.057494
3,86,ASN,26.167603
3,87,GLU,88.526741
3,88,GLU,0.000000
3,89,ILE,0.000000
3,90,LYS,30.256950
3,91,GLU,0.000000
3,92,PHE,5.814281
3,93,ALA,0.000000
3,94,ALA,4.840161
3,95,GLY,0.000000
3,96,TYR,5.178584
3,97,ASN,1.707983
3,98,VAL,2.066753
3,99,LYS,0.000000
3,100,PHE,0.000000
3,101,ASP,2.633197
3,102,MET,0.000000
3,103,PHE,0.000000
3,104,SER,2.500973
3,105,LYS,18.358463
3,106,ILE,4.888858
3,107,CYS,43.071056
3,108,VAL,0.000000
3,109,ASN,8.007156
3,110,GLY,4.195341
3,111,ASP,52.742115
3,112,ASP,14.163161
3,113,ALA,0.000000
3,114,HIS,0.000000
3,115,PRO,0.000000
3,116,LEU,0.000000
3,117,TRP,0.000000
3,118,LYS,5.836629
3,119,TRP,0.000000
3,120,MET,0.000000
3,121,LYS,0.000000
3,122,ILE,0.000000
3,123,GLN,0.000000
3,124,PRO,6.062467
3,125,LYS,26.030743
3,126,GLY,0.000000
3,127,LYS,38.366009
3,128,GLY,0.000000
3,129,ILE,16.001722
3,130,LEU,9.167463
3,131,GLY,0.000000
3,132,ASN,0.000000
3,133,ALA,3.521769
3,134,ILE,0.000000
3,135,LYS,6.683887
3,136,TRP,2.638567
3,137,ASN,0.000000
3,138,PHE,0.000000
3,139,THR,0.000000
3,140,LYS,0.000000
3,141,PHE,0.000000
3,142,LEU,0.000000
3,143,ILE,0.000000
3,144,ASP,0.000000
3,145,LYS,3.694257
3,146,ASN,0.000000
3,147,GLY,0.000000
3,148,CYS,0.000000
3,149,VAL,0.000000
3,150,VAL,0.000000
3,151,LYS,0.000000
3,152,ARG,0.000000
3,153,TYR,4.418446
3,154,GLY,16.218454
3,155,PRO,4.179358
3,156,MET,15.226406
3,157,GLU,39.140305
3,158,GLU,5.958996
3,159,PRO,0.000000
3,160,LEU,6.773031
3,161,VAL,5.314553
3,162,ILE,0.000000
3,163,GLU,16.968103
3,164,LYS,3.404727
3,165,ASP,0.000000
3,166,LEU,0.000000
3,167,PRO,10.383317
3,168,HIS,5.548920
3,169,TYR,0.000000
3,170,PHE,0.000000
3,171,HIS,5.450284
3,172,HIS,1.474034
3,173,HIS,4.873071
3,174,HIS,3.397872
3,175,HIS,3.957747
3,176,HIS,3.562315
4,1,MET,2.052161
4,2,CYS,0.000000
4,3,ALA,0.920532
4,4,SER,30.609060
4,5,ARG,24.608620
4,6,ASP,0.000000
4,7,ASP,0.000000
4,8,TRP,0.000000
4,9,ARG,73.905670
4,10,CYS,0.000000
4,11,ALA,0.000000
4,12,ARG,10.375010
4,13,SER,0.000000
4,14,MET,0.000000
4,15,HIS,3.061389
4,16,GLU,6.294367
4,17,PHE,5.146864
4,18,SER,48.187553
4,19,ALA,0.000000
4,20,LYS,45.596062
4,21,ASP,29.282629
4,22,ILE,0.000000
4,23,ASP,16.359983
4,24,GLY,0.000000
4,25,HIS,19.312849
4,26,MET,37.181992
4,27,VAL,6.961774
4,28,ASN,31.317074
4,29,LEU,0.000000
4,30,ASP,30.219683
4,31,LYS,48.902290
4,32,TYR,3.031543
4,33,ARG,6.996452
4,34,GLY,0.000000
4,35,PHE,1.929885
4,36,VAL,0.000000
4,37,CYS,0.000000
4,38,ILE,0.000000
4,39,VAL,0.000000
4,40,THR,0.000000
4,41,ASN,0.000000
4,42,VAL,0.000000
4,43,ALA,0.000000
4,44,SER,0.000000
4,45,GLN,47.893841
4,46,CYS,3.596905
4,47,GLY,7.807251
4,48,LYS,31.593361
4,49,THR,0.000000
4,50,GLU,4.711944
4,51,VAL,5.659796
4,52,ASN,0.000000
4,53,TYR,0.000000
4,54,THR,29.781847
4,55,GLN,4.637536
4,56,LEU,0.000000
4,57,VAL,0.000000
4,58,ASP,0.000000
4,59,LEU,0.000000
4,60,HIS,3.404973
4,61,ALA,0.000000
4,62,ARG,7.549275
4,63,TYR,0.000000
4,64,ALA,0.000000
4,65,GLU,47.179680
4,66,SER,0.000000
4,67,GLY,0.000000
4,68,LEU,0.000000
4,69,ARG,31.749722
4,70,ILE,0.000000
4,71,LEU,0.000000
4,72,ALA,0.000000
4,73,PHE,0.000000
4,74,PRO,0.000000
4,75,CYS,0.000000
4,76,ASN,73.560555
4,77,GLN,0.000000
4,78,PHE,0.000000
4,79,GLY,0.000000
4,80,LYS,37.917717
4,81,GLN,5.787679
4,82,GLU,0.000000
4,83,PRO,1.388919
4,84,GLY,0.000000
4,85,SER,4.312411
4,86,ASN,0.000000
4,87,GLU,0.000000
4,88,GLU,2.486117
4,89,ILE,0.000000
4,90,LYS,5.244905
4,91,GLU,40.736511
4,92,PHE,0.000000
4,93,ALA,0.000000
4,94,ALA,0.000000
4,95,GLY,38.280411
4,96,TYR,5.433759
4,97,ASN,32.228210
4,98,VAL,0.000000
4,99,LYS,40.814804
4,100,PHE,1.930618
4,101,ASP,48.650406
4,102,MET,0.000000
4,103,PHE,0.000000
4,104,SER,0.000000
4,105,LYS,0.000000
4,106,ILE,0.000000
4,107,CYS,0.000000
4,108,VAL,0.000000
4,109,ASN,0.000000
4,110,GLY,0.000000
4,111,ASP,0.000000
4,112,ASP,4.078327
4,113,ALA,0.000000
4,114,HIS,0.000000
4,115,PRO,0.000000
4,116,LEU,0.000000
4,117,TRP,0.000000
4,118,LYS,0.000000
4,119,TRP,0.000000
4,120,MET,0.000000
4,121,LYS,0.000000
4,122,ILE,0.000000
4,123,GLN,0.000000
4,124,PRO,0.000000
4,125,LYS,0.000000
4,126,GLY,0.000000
4,127,LYS,3.995401
4,128,GLY,4.890244
4,129,ILE,11.700247
4,130,LEU,4.299415
4,131,GLY,1.581125
4,132,ASN,0.000000
4,133,ALA,0.000000
4,134,ILE,0.000000
4,135,LYS,6.255725
4,136,TRP,6.563309
4,137,ASN,0.000000
4,138,PHE,0.000000
4,139,THR,0.000000
4,140,LYS,0.000000
4,141,PHE,0.000000
4,142,LEU,0.000000
4,143,ILE,0.000000
4,144,ASP,0.000000
4,145,LYS,0.000000
4,146,ASN,0.000000
4,147,GLY,0.000000
4,148,CYS,0.000000
4,149,VAL,0.000000
4,150,VAL,0.000000
4,151,LYS,0.000000
4,152,ARG,0.000000
4,153,TYR,0.000000
4,154,GLY,0.000000
4,155,PRO,0.000000
4,156,MET,2.857926
4,157,GLU,46.074490
4,158,GLU,41.578369
4,159,PRO,0.000000
4,160,LEU,24.195530
4,161,VAL,4.821362
4,162,ILE,0.000000
4,163,GLU,73.511894
4,164,LYS,6.883610
4,165,ASP,0.000000
4,166,LEU,0.000000
4,167,PRO,0.000000
4,168,HIS,0.000000
4,169,TYR,0.000000
4,170,PHE,0.000000
4,171,HIS,5.572782
4,172,HIS,0.000000
4,173,HIS,0.000000
4,174,HIS,2.063151
4,175,HIS,5.843745
4,176,HIS,5.987199
5,1,MET,8.884426
5,2,CYS,1.844245
5,3,ALA,0.000000
5,4,SER,3.819022
5,5,ARG,28.964155
5,6,ASP,0.000000
5,7,ASP,0.000000
5,8,TRP,0.000000
5,9,ARG,3.486284
5,10,CYS,0.000000
5,11,ALA,0.000000
5,12,ARG,38.170998
5,13,SER,0.000000
5,14,MET,0.000000
5,15,HIS,0.000000
5,16,GLU,0.000000
5,17,PHE,0.000000
5,18,SER,0.000000
5,19,ALA,0.000000
5,20,LYS,52.634834
5,21,ASP,38.646809
5,22,ILE,0.000000
5,23,ASP,17.591339
5,24,GLY,12.771339
5,25,HIS,34.644096
5,26,MET,23.396441
5,27,VAL,7.762001
5,28,ASN,5.737580
5,29,LEU,0.000000
5,30,ASP,0.000000
5,31,LYS,65.403252
5,32,TYR,1.936422
5,33,ARG,87.144730
5,34,GLY,0.000000
5,35,PHE,0.000000
5,36,VAL,0.000000
5,37,CYS,0.000000
5,38,ILE,0.000000
5,39,VAL,0.000000
5,40,THR,0.000000
5,41,ASN,0.000000
5,42,VAL,0.000000
5,43,ALA,0.000000
5,44,SER,30.309692
5,45,GLN,55.456364
5,46,CYS,3.823817
5,47,GLY,20.004694
5,48,LYS,6.998138
5,49,THR,2.107462
5,50,GLU,55.587517
5,51,VAL,0.000000
5,52,ASN,0.000000
5,53,TYR,0.000000
5,54,THR,0.000000
5,55,GLN,0.000000
5,56,LEU,0.000000
5,57,VAL,0.000000
5,58,ASP,0.000000
5,59,LEU,0.000000
5,60,HIS,0.000000
5,61,ALA,0.000000
5,62,ARG,0.000000
5,63,TYR,0.000000
5,64,ALA,0.000000
5,65,GLU,71.208717
5,66,SER,0.000000
5,67,GLY,0.000000
5,68,LEU,0.000000
5,69,ARG,0.000000
5,70,ILE,0.000000
5,71,LEU,0.000000
5,72,ALA,0.000000
5,73,PHE,0.000000
5,74,PRO,0.000000
5,75,CYS,0.000000
5,76,ASN,0.000000
5,77,GLN,16.018110
5,78,PHE,5.870781
5,79,GLY,8.514965
5,80,LYS,3.797319
5,81,GLN,6.886071
5,82,GLU,0.000000
5,83,PRO,1.254552
5,84,GLY,0.000000
5,85,SER,6.422170
5,86,ASN,0.000000
5,87,GLU,0.000000
5,88,GLU,0.000000
5,89,ILE,0.000000
5,90,LYS,4.012700
5,91,GLU,35.030689
5,92,PHE,5.165775
5,93,ALA,0.000000
5,94,ALA,23.733620
5,95,GLY,0.000000
5,96,TYR,4.107447
5,97,ASN,9.408978
5,98,VAL,0.000000
5,99,LYS,3.147765
5,100,PHE,1.662412
5,101,ASP,46.782547
5,102,MET,0.000000
5,103,PHE,0.000000
5,104,SER,0.000000
5,105,LYS,0.000000
5,106,ILE,0.000000
5,107,CYS,0.000000
5,108,VAL,0.000000
5,109,ASN,7.474509
5,110,GLY,0.000000
5,111,ASP,3.340529
5,112,ASP,50.646053
5,113,ALA,0.000000
5,114,HIS,6.351734
5,115,PRO,3.796196
5,116,LEU,0.000000
5,117,TRP,0.000000
5,118,LYS,1.971477
5,119,TRP,0.000000
5,120,MET,0.000000
5,121,LYS,0.000000
5,122,ILE,0.000000
5,123,GLN,0.000000
5,124,PRO,1.172306
5,125,LYS,0.000000
5,126,GLY,0.000000
5,127,LYS,0.000000
5,128,GLY,0.000000
5,129,ILE,7.541220
5,130,LEU,16.173401
5,131,GLY,3.611827
5,132,ASN,0.000000
5,133,ALA,12.807733
5,134,ILE,2.991030
5,135,LYS,81.924164
5,136,TRP,5.198801
5,137,ASN,0.000000
5,138,PHE,0.000000
5,139,THR,0.000000
5,140,LYS,0.000000
5,141,PHE,0.000000
5,142,LEU,0.000000
5,143,ILE,0.000000
5,144,ASP,2.846120
5,145,LYS,0.000000
5,146,ASN,10.003644
5,147,GLY,0.000000
5,148,CYS,7.497796
5,149,VAL,3.550752
5,150,VAL,0.000000
5,151,LYS,0.000000
5,152,ARG,0.000000
5,153,TYR,0.000000
5,154,GLY,0.000000
5,155,PRO,0.000000
5,156,MET,2.906720
5,157,GLU,4.576931
5,158,GLU,47.575665
5,159,PRO,0.000000
5,160,LEU,0.000000
5,161,VAL,0.000000
5,162,ILE,0.000000
5,163,GLU,4.045336
5,164,LYS,68.911537
5,165,ASP,6.107963
5,166,LEU,0.000000
5,167,PRO,0.000000
5,168,HIS,66.045204
5,169,TYR,0.000000
5,170,PHE,0.000000
5,171,HIS,25.795509
5,172,HIS,2.211323
5,173,HIS,0.000000
5,174,HIS,0.000000
5,175,HIS,4.340970
5,176,HIS,6.136764
6,1,MET,7.086694
6,2,CYS,2.310091
6,3,ALA,0.721214
6,4,SER,17.402681
6,5,ARG,15.396970
6,6,ASP,4.148916
6,7,ASP,67.821342
6,8,TRP,0.000000
6,9,ARG,57.703453
6,10,CYS,3.067685
6,11,ALA,0.000000
6,12,ARG,36.258415
6,13,SER,0.000000
6,14,MET,0.000000
6,15,HIS,2.963369
6,16,GLU,96.159462
6,17,PHE,5.100467
6,18,SER,14.046273
6,19,ALA,0.000000
6,20,LYS,74.300346
6,21,ASP,36.185619
6,22,ILE,0.000000
6,23,ASP,9.981731
6,24,GLY,3.499692
6,25,HIS,16.445185
6,26,MET,29.292534
6,27,VAL,72.206161
6,28,ASN,50.625172
6,29,LEU,0.000000
6,30,ASP,44.509403
6,31,LYS,38.536053
6,32,TYR,2.816296
6,33,ARG,53.459126
6,34,GLY,0.000000
6,35,PHE,13.851898
6,36,VAL,0.000000
6,37,CYS,0.000000
6,38,ILE,0.000000
6,39,VAL,0.000000
6,40,THR,0.000000
6,41,ASN,0.000000
6,42,VAL,0.000000
6,43,ALA,0.000000
6,44,SER,26.040909
6,45,GLN,46.557858
6,46,CYS,9.059451
6,47,GLY,21.314564
6,48,LYS,49.871666
6,49,THR,4.260973
6,50,GLU,43.145611
6,51,VAL,4.115308
6,52,ASN,0.000000
6,53,TYR,0.000000
6,54,THR,0.000000
6,55,GLN,52.416775
6,56,LEU,0.000000
6,57,VAL,0.000000
6,58,ASP,0.000000
6,59,LEU,0.000000
6,60,HIS,4.390997
6,61,ALA,3.673621
6,62,ARG,0.000000
6,63,TYR,0.000000
6,64,ALA,3.032932
6,65,GLU,22.223761
6,66,SER,0.000000
6,67,GLY,0.000000
6,68,LEU,0.000000
6,69,ARG,49.356071
6,70,ILE,0.000000
6,71,LEU,0.000000
6,72,ALA,0.000000
6,73,PHE,0.000000
6,74,PRO,0.000000
6,75,CYS,0.000000
6,76,ASN,0.000000
6,77,GLN,30.283611
6,78,PHE,2.928066
6,79,GLY,2.161380
6,80,LYS,0.000000
6,81,GLN,1.057066
6,82,GLU,0.000000
6,83,PRO,1.489203
6,84,GLY,0.000000
6,85,SER,0.000000
6,86,ASN,0.000000
6,87,GLU,4.411988
6,88,GLU,72.604424
6,89,ILE,0.000000
6,90,LYS,24.648802
6,91,GLU,0.000000
6,92,PHE,5.633813
6,93,ALA,0.000000
6,94,ALA,0.000000
6,95,GLY,0.000000
6,96,TYR,5.318455
6,97,ASN,37.603737
6,98,VAL,1.592642
6,99,LYS,59.966896
6,100,PHE,1.721819
6,101,ASP,55.688084
6,102,MET,0.000000
6,103,PHE,0.000000
6,104,SER,0.000000
6,105,LYS,6.127503
6,106,ILE,0.000000
6,107,CYS,0.000000
6,108,VAL,0.000000
6,109,ASN,7.790038
6,110,GLY,0.000000
6,111,ASP,0.000000
6,112,ASP,0.000000
6,113,ALA,0.000000
6,114,HIS,0.000000
6,115,PRO,0.000000
6,116,LEU,0.000000
6,117,TRP,0.000000
6,118,LYS,0.000000
6,119,TRP,0.000000
6,120,MET,0.000000
6,121,LYS,0.000000
6,122,ILE,0.000000
6,123,GLN,6.752381
6,124,PRO,5.058783
6,125,LYS,4.165181
6,126,GLY,1.548828
6,127,LYS,41.481346
6,128,GLY,4.805432
6,129,ILE,10.335056
6,130,LEU,17.427670
6,131,GLY,3.510000
6,132,ASN,6.248628
6,133,ALA,0.000000
6,134,ILE,0.000000
6,135,LYS,0.000000
6,136,TRP,6.597100
6,137,ASN,0.000000
6,138,PHE,0.000000
6,139,THR,0.000000
6,140,LYS,0.000000
6,141,PHE,0.000000
6,142,LEU,0.000000
6,143,ILE,0.000000
6,144,ASP,0.000000
6,145,LYS,0.000000
6,146,ASN,5.598628
6,147,GLY,0.000000
6,148,CYS,0.000000
6,149,VAL,0.000000
6,150,VAL,0.000000
6,151,LYS,0.000000
6,152,ARG,0.000000
6,153,TYR,0.000000
6,154,GLY,0.000000
6,155,PRO,0.000000
6,156,MET,27.965565
6,157,GLU,0.000000
6,158,GLU,38.036648
6,159,PRO,0.000000
6,160,LEU,3.896604
6,161,VAL,9.438680
6,162,ILE,0.000000
6,163,GLU,0.000000
6,164,LYS,4.261871
6,165,ASP,0.000000
6,166,LEU,0.000000
6,167,PRO,0.000000
6,168,HIS,36.978054
6,169,TYR,0.000000
6,170,PHE,0.000000
6,171,HIS,5.123631
6,172,HIS,0.000000
6,173,HIS,2.044324
6,174,HIS,3.475952
6,175,HIS,0.000000
6,176,HIS,5.235142
7,1,MET,24.824789
7,2,CYS,15.697377
7,3,ALA,0.689711
7,4,SER,2.641441
7,5,ARG,16.271757
7,6,ASP,3.933261
7,7,ASP,0.000000
7,8,TRP,0.000000
7,9,ARG,53.458340
7,10,CYS,4.325594
7,11,ALA,0.590045
7,12,ARG,40.917194
7,13,SER,2.765554
7,14,MET,0.000000
7,15,HIS,0.000000
7,16,GLU,110.456558
7,17,PHE,0.000000
7,18,SER,0.000000
7,19,ALA,0.000000
7,20,LYS,46.830643
7,21,ASP,24.379780
7,22,ILE,0.000000
7,23,ASP,45.489079
7,24,GLY,3.730821
7,25,HIS,34.281940
7,26,MET,35.758995
7,27,VAL,12.015207
7,28,ASN,36.685200
7,29,LEU,0.000000
7,30,ASP,56.647934
7,31,LYS,31.679146
7,32,TYR,2.151754
7,33,ARG,8.452528
7,34,GLY,0.000000
7,35,PHE,0.000000
7,36,VAL,0.000000
7,37,CYS,0.000000
7,38,ILE,0.000000
7,39,VAL,0.000000
7,40,THR,0.000000
7,41,ASN,0.000000
7,42,VAL,0.000000
7,43,ALA,0.000000
7,44,SER,28.123980
7,45,GLN,66.999352
7,46,CYS,2.158708
7,47,GLY,1.250070
7,48,LYS,2.449727
7,49,THR,3.079339
7,50,GLU,58.121403
7,51,VAL,2.788468
7,52,ASN,0.000000
7,53,TYR,0.000000
7,54,THR,4.497269
7,55,GLN,7.031653
7,56,LEU,0.000000
7,57,VAL,2.823314
7,58,ASP,2.902895
7,59,LEU,0.000000
7,60,HIS,4.089240
7,61,ALA,37.429871
7,62,ARG,9.720726
7,63,TYR,0.000000
7,64,ALA,4.338830
7,65,GLU,43.289192
7,66,SER,4.692650
7,67,GLY,0.000000
7,68,LEU,0.000000
7,69,ARG,3.838196
7,70,ILE,0.000000
7,71,LEU,0.000000
7,72,ALA,0.000000
7,73,PHE,0.000000
7,74,PRO,0.000000
7,75,CYS,0.000000
7,76,ASN,0.000000
7,77,GLN,0.000000
7,78,PHE,0.000000
7,79,GLY,0.000000
7,80,LYS,40.372349
7,81,GLN,0.000000
7,82,GLU,0.000000
7,83,PRO,2.072700
7,84,GLY,0.000000
7,85,SER,0.000000
7,86,ASN,45.535763
7,87,GLU,0.000000
7,88,GLU,0.000000
7,89,ILE,0.000000
7,90,LYS,13.575635
7,91,GLU,0.000000
7,92,PHE,6.600228
7,93,ALA,0.000000
7,94,ALA,8.953882
7,95,GLY,26.314157
7,96,TYR,4.438835
7,97,ASN,23.390558
7,98,VAL,0.000000
7,99,LYS,45.925556
7,100,PHE,0.000000
7,101,ASP,2.995347
7,102,MET,0.000000
7,103,PHE,0.000000
7,104,SER,2.025946
7,105,LYS,19.809107
7,106,ILE,0.000000
7,107,CYS,0.000000
7,108,VAL,0.000000
7,109,ASN,0.000000
7,110,GLY,0.000000
7,111,ASP,0.000000
7,112,ASP,61.220322
7,113,ALA,0.000000
7,114,HIS,0.000000
7,115,PRO,0.000000
7,116,LEU,0.000000
7,117,TRP,0.000000
7,118,LYS,0.000000
7,119,TRP,0.000000
7,120,MET,0.000000
7,121,LYS,0.000000
7,122,ILE,0.000000
7,123,GLN,0.000000
7,124,PRO,0.938365
7,125,LYS,5.393831
7,126,GLY,0.000000
7,127,LYS,68.326668
7,128,GLY,3.842838
7,129,ILE,10.755589
7,130,LEU,6.255683
7,131,GLY,0.000000
7,132,ASN,0.000000
7,133,ALA,2.609388
7,134,ILE,3.891333
7,135,LYS,7.618862
7,136,TRP,6.402629
7,137,ASN,0.000000
7,138,PHE,0.000000
7,139,THR,0.000000
7,140,LYS,0.000000
7,141,PHE,0.000000
7,142,LEU,0.000000
7,143,ILE,0.000000
7,144,ASP,0.000000
7,145,LYS,0.000000
7,146,ASN,0.000000
7,147,GLY,0.000000
7,148,CYS,0.000000
7,149,VAL,0.000000
7,150,VAL,0.000000
7,151,LYS,3.332400
7,152,ARG,0.000000
7,153,TYR,0.000000
7,154,GLY,0.000000
7,155,PRO,6.079582
7,156,MET,4.365975
7,157,GLU,4.604814
7,158,GLU,23.174734
7,159,PRO,0.000000
7,160,LEU,3.677439
7,161,VAL,0.000000
7,162,ILE,0.000000
7,163,GLU,80.766350
7,164,LYS,77.783089
7,165,ASP,0.000000
7,166,LEU,0.000000
7,167,PRO,0.000000
7,168,HIS,7.041539
7,169,TYR,0.000000
7,170,PHE,0.000000
7,171,HIS,0.000000
7,172,HIS,41.307323
7,173,HIS,0.000000
7,174,HIS,2.634857
7,175,HIS,4.510597
7,176,HIS,5.238810
8,1,MET,1.997714
8,2,CYS,0.000000
8,3,ALA,0.000000
8,4,SER,3.692116
8,5,ARG,17.343637
8,6,ASP,1.890679
8,7,ASP,0.000000
8,8,TRP,0.000000
8,9,ARG,0.000000
8,10,CYS,0.000000
8,11,ALA,0.000000
8,12,ARG,48.459946
8,13,SER,0.000000
8,14,MET,0.000000
8,15,HIS,0.000000
8,16,GLU,0.000000
8,17,PHE,0.000000
8,18,SER,0.000000
8,19,ALA,0.000000
8,20,LYS,37.552074
8,21,ASP,36.846420
8,22,ILE,3.565144
8,23,ASP,38.204109
8,24,GLY,0.000000
8,25,HIS,32.768276
8,26,MET,19.688105
8,27,VAL,9.249603
8,28,ASN,28.325712
8,29,LEU,0.000000
8,30,ASP,51.671936
8,31,LYS,33.518753
8,32,TYR,3.204913
8,33,ARG,7.556053
8,34,GLY,0.000000
8,35,PHE,3.910279
8,36,VAL,0.000000
8,37,CYS,0.000000
8,38,ILE,0.000000
8,39,VAL,0.000000
8,40,THR,0.000000
8,41,ASN,0.000000
8,42,VAL,0.000000
8,43,ALA,0.000000
8,44,SER,3.404393
8,45,GLN,78.256950
8,46,CYS,5.543196
8,47,GLY,9.119142
8,48,LYS,0.000000
8,49,THR,0.000000
8,50,GLU,106.985123
8,51,VAL,5.032400
8,52,ASN,0.000000
8,53,TYR,2.480351
8,54,THR,56.769215
8,55,GLN,32.744934
8,56,LEU,0.000000
8,57,VAL,3.065989
8,58,ASP,48.747139
8,59,LEU,0.000000
8,60,HIS,0.000000
8,61,ALA,0.000000
8,62,ARG,3.983299
8,63,TYR,0.000000
8,64,ALA,0.000000
8,65,GLU,45.395443
8,66,SER,0.000000
8,67,GLY,0.000000
8,68,LEU,0.000000
8,69,ARG,45.783550
8,70,ILE,0.000000
8,71,LEU,0.000000
8,72,ALA,0.000000
8,73,PHE,0.000000
8,74,PRO,0.000000
8,75,CYS,0.000000
8,76,ASN,3.253722
8,77,GLN,0.000000
8,78,PHE,2.543351
8,79,GLY,32.325531
8,80,LYS,35.353813
8,81,GLN,6.914414
8,82,GLU,0.000000
8,83,PRO,37.944351
8,84,GLY,2.356791
8,85,SER,5.123306
8,86,ASN,0.000000
8,87,GLU,6.775216
8,88,GLU,4.513649
8,89,ILE,0.000000
8,90,LYS,41.203827
8,91,GLU,67.313889
8,92,PHE,4.136476
8,93,ALA,0.000000
8,94,ALA,4.987963
8,95,GLY,34.629368
8,96,TYR,5.188126
8,97,ASN,0.000000
8,98,VAL,0.000000
8,99,LYS,61.032887
8,100,PHE,0.000000
8,101,ASP,4.448342
8,102,MET,0.000000
8,103,PHE,0.000000
8,104,SER,0.000000
8,105,LYS,0.000000
8,106,ILE,0.000000
8,107,CYS,0.000000
8,108,VAL,0.000000
8,109,ASN,8.198483
8,110,GLY,23.677431
8,111,ASP,29.597240
8,112,ASP,49.022411
8,113,ALA,0.000000
8,114,HIS,0.000000
8,115,PRO,0.000000
8,116,LEU,0.000000
8,117,TRP,0.000000
8,118,LYS,2.760772
8,119,TRP,0.000000
8,120,MET,0.000000
8,121,LYS,0.656995
8,122,ILE,3.630577
8,123,GLN,0.000000
8,124,PRO,0.709494
8,125,LYS,7.726114
8,126,GLY,1.946256
8,127,LYS,38.484478
8,128,GLY,0.000000
8,129,ILE,9.013123
8,130,LEU,7.606657
8,131,GLY,4.041485
8,132,ASN,6.010473
8,133,ALA,3.539042
8,134,ILE,0.000000
8,135,LYS,7.299566
8,136,TRP,13.280901
8,137,ASN,0.000000
8,138,PHE,0.000000
8,139,THR,0.000000
8,140,LYS,0.000000
8,141,PHE,0.000000
8,142,LEU,0.000000
8,143,ILE,0.000000
8,144,ASP,0.000000
8,145,LYS,0.000000
8,146,ASN,2.699879
8,147,GLY,0.000000
8,148,CYS,0.000000
8,149,VAL,0.000000
8,150,VAL,0.000000
8,151,LYS,61.042648
8,152,ARG,4.317468
8,153,TYR,0.000000
8,154,GLY,0.000000
8,155,PRO,0.000000
8,156,MET,18.943623
8,157,GLU,2.540935
8,158,GLU,26.486622
8,159,PRO,0.000000
8,160,LEU,4.151927
8,161,VAL,0.000000
8,162,ILE,0.000000
8,163,GLU,0.000000
8,164,LYS,52.020741
8,165,ASP,4.866241
8,166,LEU,0.000000
8,167,PRO,2.366101
8,168,HIS,6.402092
8,169,TYR,0.000000
8,170,PHE,0.000000
8,171,HIS,3.409325
8,172,HIS,3.858477
8,173,HIS,0.000000
8,174,HIS,1.563756
8,175,HIS,3.951581
8,176,HIS,4.642186
9,1,MET,1.692244
9,2,CYS,3.307620
9,3,ALA,0.000000
9,4,SER,1.697033
9,5,ARG,17.107439
9,6,ASP,0.000000
9,7,ASP,0.000000
9,8,TRP,0.000000
9,9,ARG,167.837677
9,10,CYS,16.480827
9,11,ALA,0.837277
9,12,ARG,31.289749
9,13,SER,0.000000
9,14,MET,0.000000
9,15,HIS,3.041303
9,16,GLU,48.340687
9,17,PHE,0.000000
9,18,SER,0.000000
9,19,ALA,0.000000
9,20,LYS,53.733616
9,21,ASP,25.338531
9,22,ILE,0.000000
9,23,ASP,57.086506
9,24,GLY,3.989590
9,25,HIS,36.443710
9,26,MET,34.391712
9,27,VAL,12.140033
9,28,ASN,13.939353
9,29,LEU,0.000000
9,30,ASP,40.812126
9,31,LYS,46.949085
9,32,TYR,1.774249
9,33,ARG,50.610489
9,34,GLY,3.118946
9,35,PHE,0.000000
9,36,VAL,0.000000
9,37,CYS,0.000000
9,38,ILE,0.000000
9,39,VAL,0.000000
9,40,THR,0.000000
9,41,ASN,0.000000
9,42,VAL,0.000000
9,43,ALA,0.000000
9,44,SER,3.350084
9,45,GLN,51.877319
9,46,CYS,2.774876
9,47,GLY,12.274464
9,48,LYS,17.553350
9,49,THR,0.000000
9,50,GLU,72.217125
9,51,VAL,5.909995
9,52,ASN,0.000000
9,53,TYR,0.000000
9,54,THR,3.226961
9,55,GLN,0.000000
9,56,LEU,0.000000
9,57,VAL,3.105498
9,58,ASP,44.010208
9,59,LEU,0.000000
9,60,HIS,3.128793
9,61,ALA,23.409487
9,62,ARG,8.213243
9,63,TYR,0.000000
9,64,ALA,0.000000
9,65,GLU,4.250091
9,66,SER,5.820386
9,67,GLY,0.000000
9,68,LEU,0.000000
9,69,ARG,7.606702
9,70,ILE,0.000000
9,71,LEU,0.000000
9,72,ALA,0.000000
9,73,PHE,0.000000
9,74,PRO,0.000000
9,75,CYS,0.000000
9,76,ASN,0.000000
9,77,GLN,2.557419
9,78,PHE,5.209916
9,79,GLY,3.632678
9,80,LYS,59.415028
9,81,GLN,5.644753
9,82,GLU,0.000000
9,83,PRO,0.000000
9,84,GLY,0.000000
9,85,SER,0.000000
9,86,ASN,2.359040
9,87,GLU,4.509560
9,88,GLU,4.708827
9,89,ILE,0.000000
9,90,LYS,30.025854
9,91,GLU,0.000000
9,92,PHE,4.373335
9,93,ALA,0.000000
9,94,ALA,4.956453
9,95,GLY,0.000000
9,96,TYR,3.600610
9,97,ASN,30.044731
9,98,VAL,0.000000
9,99,LYS,20.861927
9,100,PHE,1.193256
9,101,ASP,44.808002
9,102,MET,0.000000
9,103,PHE,0.000000
9,104,SER,2.407117
9,105,LYS,6.059171
9,106,ILE,0.000000
9,107,CYS,2.438690
9,108,VAL,0.000000
9,109,ASN,0.000000
9,110,GLY,0.000000
9,111,ASP,4.723015
9,112,ASP,2.889483
9,113,ALA,0.000000
9,114,HIS,0.000000
9,115,PRO,0.000000
9,116,LEU,0.000000
9,117,TRP,0.000000
9,118,LYS,0.000000
9,119,TRP,0.000000
9,120,MET,0.000000
9,121,LYS,0.000000
9,122,ILE,18.650934
9,123,GLN,94.802086
9,124,PRO,1.161882
9,125,LYS,40.887234
9,126,GLY,0.000000
9,127,LYS,13.203320
9,128,GLY,0.000000
9,129,ILE,12.275593
9,130,LEU,5.675022
9,131,GLY,0.000000
9,132,ASN,0.000000
9,133,ALA,0.000000
9,134,ILE,0.000000
9,135,LYS,21.771980
9,136,TRP,22.348478
9,137,ASN,0.000000
9,138,PHE,0.000000
9,139,THR,0.000000
9,140,LYS,0.000000
9,141,PHE,0.000000
9,142,LEU,0.000000
9,143,ILE,0.000000
9,144,ASP,85.156891
9,145,LYS,2.878935
9,146,ASN,4.653269
9,147,GLY,0.000000
9,148,CYS,10.864480
9,149,VAL,4.048112
9,150,VAL,28.223623
9,151,LYS,28.760832
9,152,ARG,2.237747
9,153,TYR,0.000000
9,154,GLY,3.941716
9,155,PRO,3.835969
9,156,MET,2.773049
9,157,GLU,4.218522
9,158,GLU,49.809544
9,159,PRO,0.000000
9,160,LEU,3.093403
9,161,VAL,0.000000
9,162,ILE,0.000000
9,163,GLU,0.000000
9,164,LYS,81.728645
9,165,ASP,96.535980
9,166,LEU,0.000000
9,167,PRO,0.000000
9,168,HIS,51.421509
9,169,TYR,5.204712
9,170,PHE,0.000000
9,171,HIS,51.523479
9,172,HIS,17.671934
9,173,HIS,26.290821
9,174,HIS,2.158681
9,175,HIS,10.227459
9,176,HIS,4.861742
10,1,MET,2.125901
10,2,CYS,2.774255
10,3,ALA,0.000000
10,4,SER,29.091213
10,5,ARG,2.657659
10,6,ASP,0.000000
10,7,ASP,0.000000
10,8,TRP,4.778296
10,9,ARG,33.010025
10,10,CYS,4.369321
10,11,ALA,0.000000
10,12,ARG,49.492992
10,13,SER,0.000000
10,14,MET,0.000000
10,15,HIS,3.092659
10,16,GLU,60.164051
10,17,PHE,0.000000
10,18,SER,3.267045
10,19,ALA,0.000000
10,20,LYS,64.107864
10,21,ASP,42.561462
10,22,ILE,0.000000
10,23,ASP,59.248020
10,24,GLY,4.583310
10,25,HIS,13.810956
10,26,MET,26.081553
10,27,VAL,7.197785
10,28,ASN,22.600748
10,29,LEU,0.000000
10,30,ASP,65.672874
10,31,LYS,46.141235
10,32,TYR,0.000000
10,33,ARG,35.319527
10,34,GLY,2.257243
10,35,PHE,7.270690
10,36,VAL,0.000000
10,37,CYS,0.000000
10,38,ILE,0.000000
10,39,VAL,0.000000
10,40,THR,0.000000
10,41,ASN,0.000000
10,42,VAL,0.000000
10,43,ALA,0.000000
10,44,SER,33.717960
10,45,GLN,43.688110
10,46,CYS,6.612756
10,47,GLY,1.658729
10,48,LYS,0.000000
10,49,THR,2.784951
10,50,GLU,69.502426
10,51,VAL,0.000000
10,52,ASN,0.000000
10,53,TYR,0.000000
10,54,THR,7.433632
10,55,GLN,0.000000
10,56,LEU,0.000000
10,57,VAL,0.000000
10,58,ASP,46.028301
10,59,LEU,0.000000
10,60,HIS,0.000000
10,61,ALA,0.000000
10,62,ARG,7.937747
10,63,TYR,0.000000
10,64,ALA,0.000000
10,65,GLU,3.195962
10,66,SER,44.652428
10,67,GLY,0.000000
10,68,LEU,0.000000
10,69,ARG,75.169716
10,70,ILE,0.000000
10,71,LEU,0.000000
10,72,ALA,0.000000
10,73,PHE,0.000000
10,74,PRO,0.000000
10,75,CYS,0.000000
10,76,ASN,0.000000
10,77,GLN,0.000000
10,78,PHE,0.000000
10,79,GLY,0.000000
10,80,LYS,2.655954
10,81,GLN,0.000000
10,82,GLU,0.000000
10,83,PRO,1.461198
10,84,GLY,0.000000
10,85,SER,0.000000
10,86,ASN,0.000000
10,87,GLU,0.000000
10,88,GLU,83.119225
10,89,ILE,0.000000
10,90,LYS,3.851816
10,91,GLU,80.132202
10,92,PHE,4.290117
10,93,ALA,0.000000
10,94,ALA,11.823866
10,95,GLY,2.654386
10,96,TYR,5.828949
10,97,ASN,28.250969
10,98,VAL,0.000000
10,99,LYS,0.000000
10,100,PHE,0.000000
10,101,ASP,0.000000
10,102,MET,0.000000
10,103,PHE,0.000000
10,104,SER,0.000000
10,105,LYS,0.000000
10,106,ILE,0.000000
10,107,CYS,0.000000
10,108,VAL,0.000000
10,109,ASN,0.000000
10,110,GLY,2.274206
10,111,ASP,59.345016
10,112,ASP,48.353195
10,113,ALA,0.000000
10,114,HIS,0.000000
10,115,PRO,0.000000
10,116,LEU,0.000000
10,117,TRP,0.000000
10,118,LYS,0.000000
10,119,TRP,0.000000
10,120,MET,0.000000
10,121,LYS,0.000000
10,122,ILE,7.831165
10,123,GLN,0.000000
10,124,PRO,1.314329
10,125,LYS,48.921215
10,126,GLY,0.000000
10,127,LYS,0.000000
10,128,GLY,0.000000
10,129,ILE,9.342333
10,130,LEU,18.822077
10,131,GLY,3.445271
10,132,ASN,6.051583
10,133,ALA,3.414853
10,134,ILE,0.000000
10,135,LYS,7.503156
10,136,TRP,6.714402
10,137,ASN,0.000000
10,138,PHE,0.000000
10,139,THR,0.000000
10,140,LYS,0.000000
10,141,PHE,0.000000
10,142,LEU,0.000000
10,143,ILE,0.000000
10,144,ASP,0.000000
10,145,LYS,0.000000
10,146,ASN,0.000000
10,147,GLY,0.000000
10,148,CYS,0.000000
10,149,VAL,0.000000
10,150,VAL,0.000000
10,151,LYS,16.469595
10,152,ARG,3.058594
10,153,TYR,0.000000
10,154,GLY,0.000000
10,155,PRO,0.000000
10,156,MET,3.491664
10,157,GLU,37.915176
10,158,GLU,2.421053
10,159,PRO,0.000000
10,160,LEU,23.953896
10,161,VAL,4.612249
10,162,ILE,0.000000
10,163,GLU,1.703738
10,164,LYS,60.850227
10,165,ASP,5.697820
10,166,LEU,0.000000
10,167,PRO,0.000000
10,168,HIS,0.000000
10,169,TYR,3.801582
10,170,PHE,3.272039
10,171,HIS,71.894333
10,172,HIS,2.857030
10,173,HIS,6.840573
10,174,HIS,3.495152
10,175,HIS,3.871553
10,176,HIS,4.938303
