residue_index,residue_name,avg_flux,std_flux
7,ASP,0.6125804,
8,TRP,0.6245653,
9,ARG,0.55355155,
10,CYS,0.45863587,
11,ALA,0.37778497,
12,ARG,0.3065228,
13,SER,0.22804208,
14,MET,0.14558646,
15,HIS,0.079310514,
16,GLU,0.043820336,
17,PHE,0.039549433,
18,SER,0.060973447,
19,ALA,0.10701097,
20,LYS,0.18429087,
21,ASP,0.30068967,
22,ILE,0.44990122,
23,ASP,0.60073274,
24,GLY,0.7092909,
25,HIS,0.74573404,
26,MET,0.7081876,
27,VAL,0.6158382,
28,ASN,0.49760303,
29,LEU,0.38834497,
30,ASP,0.32234952,
31,LYS,0.31247607,
32,TYR,0.33179834,
33,ARG,0.32924,
34,GLY,0.2745111,
35,PHE,0.18375129,
36,VAL,0.0970547,
37,CYS,0.040261544,
38,ILE,0.013648806,
39,VAL,0.006633875,
40,THR,0.013931048,
41,ASN,0.041046742,
42,VAL,0.098459736,
43,ALA,0.18495464,
44,SER,0.2735034,
45,GLN,0.3255759,
46,CYS,0.332369,
47,GLY,0.33200303,
48,LYS,0.36698246,
49,THR,0.4281202,
50,GLU,0.4615149,
51,VAL,0.4341586,
52,ASN,0.3716468,
53,TYR,0.32320845,
54,THR,0.31386098,
55,GLN,0.3440746,
56,LEU,0.40882805,
57,VAL,0.49671,
58,ASP,0.58711416,
59,LEU,0.6613945,
60,HIS,0.7019531,
61,ALA,0.6843087,
62,ARG,0.5989795,
63,TYR,0.47618952,
64,ALA,0.36074054,
65,GLU,0.26861656,
66,CYS,0.18911128,
67,GLY,0.11657685,
68,LEU,0.059303276,
69,ARG,0.02427693,
70,ILE,0.008760888,
71,LEU,0.006943795,
72,ALA,0.019081092,
73,PHE,0.055070702,
74,PRO,0.12819128,
75,CYS,0.23822139,
76,ASN,0.3582008,
77,GLN,0.44746858,
78,PHE,0.48237145,
79,GLY,0.46546847,
80,LYS,0.40811095,
81,GLN,0.3257072,
82,GLU,0.25203103,
83,PRO,0.23878735,
84,GLY,0.33109415,
85,SER,0.53407216,
86,ASN,0.7858315,
87,GLU,0.9716278,
88,GLU,1.0,
89,ILE,0.8755034,
90,LYS,0.67973393,
91,GLU,0.49092358,
92,PHE,0.3463082,
93,ALA,0.26448727,
94,ALA,0.25965938,
95,GLY,0.319718,
96,TYR,0.39100504,
97,ASN,0.4083537,
98,VAL,0.3467865,
99,LYS,0.23746382,
100,PHE,0.13246977,
101,ASP,0.06340034,
102,MET,0.03260203,
103,PHE,0.028093135,
104,SER,0.037064314,
105,LYS,0.051378123,
106,ILE,0.07009105,
107,CYS,0.09987526,
108,VAL,0.14977245,
109,ASN,0.21995318,
110,GLY,0.2913356,
111,ASP,0.32969114,
112,ASP,0.30931613,
113,ALA,0.23663673,
114,HIS,0.14623207,
115,PRO,0.072605826,
116,LEU,0.028971411,
117,TRP,0.009910171,
118,LYS,0.0057129376,
119,TRP,0.012927068,
120,MET,0.03725996,
121,LYS,0.09090752,
122,ILE,0.18268012,
123,GLN,0.30291948,
124,PRO,0.41679958,
125,LYS,0.48112303,
126,GLY,0.47613952,
127,LYS,0.42030352,
128,GLY,0.35097766,
129,ILE,0.29199702,
130,LEU,0.2416683,
131,GLY,0.18970658,
132,ASN,0.13838176,
133,ALA,0.10131649,
134,ILE,0.08532859,
135,LYS,0.0813243,
136,TRP,0.0743122,
137,ASN,0.05850278,
138,PHE,0.04226567,
139,THR,0.04453459,
140,LYS,0.093140505,
141,PHE,0.22054987,
142,LEU,0.43927395,
143,ILE,0.7031606,
144,ASP,0.9052402,
145,LYS,0.9450866,
146,ASN,0.81029254,
147,GLY,0.5835457,
148,CYS,0.3711996,
149,VAL,0.23183285,
150,VAL,0.16284005,
151,LYS,0.13369969,
152,ARG,0.12222298,
153,TYR,0.12660034,
154,GLY,0.15403812,
155,PRO,0.20131387,
156,MET,0.2457628,
157,GLU,0.2576734,
158,GLU,0.22589591,
159,PRO,0.16815808,
160,LEU,0.11343482,
161,VAL,0.07903655,
162,ILE,0.065861806,
163,GLU,0.06622765,
164,LYS,0.07065339,
165,ASP,0.07278568,
166,LEU,0.07306596,
167,PRO,0.07626052,
168,HIS,0.08416056,
169,TYR,0.09278848,
170,PHE,0.096480064,
